조회수,해당일 거래량,다음날 거래량,해당일 평균 주가,다음날 평균 주가
238.0,312618.0,176122.99999999997,247083.33333333328,279833.33333333326
0.0,11372260.0,5822385.999999999,1405.833333333333,1465.833333333333
705.0,2928469.0,190954.00000000003,9148.333333333334,9063.333333333334
238.0,226086.0,137595.0,364666.66666666674,368000.0
1244.0,137012.0,451140.0,9416.666666666666,9375.0
355.0,329803.0,5904872.000000001,8021.666666666668,9758.333333333334
135.0,371257.0,432699.0,343703.0,359742.33333333326
188.0,7513115.0,30528211.0,5074.166666666667,7101.666666666668
360.0,652599.0,6347527.0,3596.666666666666,4398.333333333333
916.0,337330.0,389415.0,9713.333333333334,9505.0
1548.0,40324.0,31525.0,13083.333333333336,12750.0
1872.0,1914921.0,699289.0000000001,49441.66666666666,51100.0
11495.0,576451.0,236450.0,117000.0,124666.66666666669
2822.0,55670.0,158527.00000000006,4465.833333333333,4488.333333333333
724.0,382090.0,271239.99999999994,4288.333333333333,4560.833333333333
2822.0,5147503.0,7962106.999999997,2643.333333333333,3380.0
2440.0,17291.0,63615.0,9323.333333333334,9576.666666666666
91.0,303793.0,331038.99999999994,41816.66666666666,42525.0
817.0,11031331.0,6408748.000000003,3487.5,3310.833333333333
0.0,177505.0,106236.0,146000.0,143333.33333333337
0.0,3072185.0,205147.0,4431.666666666667,4150.833333333333
1457.0,34220.0,25069.0,161383.33333333337,160050.0
4132.0,78105.0,214648.0,116333.33333333331,118916.66666666669
1457.0,5147503.0,7962106.999999997,2643.333333333333,3380.0
87.0,24535.0,43575.0,38491.66666666666,37075.0
337.0,10406.0,43860.0,5670.0,5658.333333333332
0.0,9480.0,399537.0,6985.0,7793.333333333332
6627.0,1691472.0,1636342.9999999998,4887.5,5280.0
1351.0,69722.0,847335.9999999999,6071.666666666668,6285.0
5266.0,18585.0,24586.0,26933.33333333333,26916.66666666667
819.0,95303.0,480896.0,17650.0,17591.666666666668
724.0,190176.0,303654.0,3345.833333333333,3593.333333333333
0.0,222944.0,112744.0,10425.0,10350.0
0.0,26940.0,84032.00000000001,3718.333333333334,3732.5
783.0,96992.0,983586.0,47191.66666666666,48300.0
0.0,67905.0,101297.0,5440.0,5566.666666666668
6627.0,139337.0,140604.0,453000.0,457583.33333333326
893.0,199536.0,1254426.0,9031.666666666666,11058.333333333336
644.0,36905.0,7450.0,11700.0,11875.0
1994.0,182673.0,56293.0,23566.66666666667,23175.0
91709.0,25659.0,339462.99999999994,169479.0,183788.0
25921.0,15460.0,9316.999999999998,5948.333333333332,5758.333333333332
465.0,614889.0,5304246.0,9446.666666666666,9416.666666666666
0.0,55418.0,722421.0,41044.66666666666,45867.66666666666
0.0,276744.0,297851.0000000001,30600.0,35141.666666666664
0.0,7692.0,68895.99999999999,20391.666666666668,20291.666666666668
1376.0,132826.0,77375.00000000001,6425.0,6373.333333333332
1782.0,3563263.0,835119.9999999999,55850.0,56250.0
3052.0,921130.0,18027527.0,2093.333333333333,2907.5
5088.0,31605.0,21275.0,53600.0,55150.0
5457.0,520712.0,212625.0,22658.33333333333,22250.0
153.0,1088112.0,27059334.0,4654.166666666667,3281.666666666666
2432.0,768670.0,367077.0,32900.0,30316.66666666667
1771.0,10738.0,10639.999999999998,40350.0,40125.0
1150.0,372565.0,145232.0,4930.833333333333,4877.5
1302.0,631051.0,789881.0000000001,79816.66666666669,86783.33333333331
0.0,9008311.0,1618903.9999999998,1872.5,1591.666666666667
206.0,247097.0,729213.0,1572.0,1738.666666666667
1834.0,213634.0,9036120.0,89002.66666666669,111654.0
1153.0,929199.0,628788.0,4097.5,3925.0
6643.0,16129.0,25881.0,6211.666666666668,6301.666666666668
0.0,38207.0,3926090.000000002,3322.5,3730.833333333334
0.0,363971.0,3247776.0,278.6666666666667,274.8333333333333
18528.0,1651.0,6784.0,2980.0,2959.166666666666
875.0,574331.0,93179.0,8098.333333333332,7753.333333333332
123.0,5547575.0,6667554.0,1229.1666666666667,1237.5
2831.0,113638.0,311481.99999999994,9563.333333333334,10100.0
427.0,20040.0,346052.0000000001,15725.0,17400.0
2365.0,801408.0,2232403.0000000005,4165.0,4634.166666666667
705.0,1411266.0,2039164.0,1009.1666666666664,1016.6666666666664
42.0,8412651.0,2163844.0000000005,4528.333333333333,4944.166666666667
1639.0,77443.0,83300.00000000001,14808.333333333336,14958.333333333336
1376.0,1142454.0,209816.0,11833.333333333336,11650.0
2036.0,323941.0,2455072.9999999995,13083.333333333336,16291.666666666664
902.0,84977.0,5633885.000000001,9116.666666666666,10741.666666666666
158.0,2079543.0,2459508.0,18216.666666666668,18650.0
13177.0,33090.0,77770.0,647666.6666666665,648500.0
155.0,11457178.0,12506143.0,4255.0,4508.333333333333
0.0,1335488.0,41597028.0,8700.0,11400.0
6627.0,87544.0,122745.0,90650.0,90066.66666666669
8299.0,29560.0,64000.0,26825.0,28741.66666666667
1109.0,180808.0,862811.0000000001,4603.333333333333,4719.166666666667
525.0,15037.0,16776.999999999996,43750.0,44175.0
535.0,6663684.0,14276538.0,1825.0,1936.666666666667
16.0,74292.0,27744447.0,2570.833333333333,3537.5
188.0,82130.0,1010190.0,3064.166666666666,3096.666666666666
364.0,2477539.0,2451157.0000000005,21783.33333333333,23333.33333333333
19549.0,28431698.0,27243575.0,2571.6666666666665,2798.333333333333
849.0,201311.0,52080.0,50716.66666666666,49998.83333333334
140.0,7542189.0,7757575.000000003,8386.666666666666,9398.333333333334
45824.0,769372.0,264642.99999999994,22466.66666666667,22475.0
865.0,2989724.0,27956148.0,7201.666666666668,7380.0
275.0,29559.0,9064.999999999998,15566.666666666664,15475.0
1872.0,224159.0,182545.00000000003,9121.666666666666,9010.0
114.0,6049507.0,3867609.0,10475.0,9333.333333333334
1595.0,401577.0,208088.0,14243.666666666664,13931.0
280.0,2478194.0,2315227.9999999995,3968.333333333334,4131.666666666667
0.0,86724.0,105590.0,44958.33333333334,45741.66666666666
11298.0,260315.0,1415318.0,2857.5,2900.0
875.0,36999.0,134220.0,194433.33333333328,190650.0
1588.0,11359.0,242968.0,4337.5,4365.833333333333
1523.0,9177413.0,7677181.999999997,7386.666666666668,8196.666666666666
529.0,359873.0,412240.00000000006,9278.333333333334,9428.333333333334
5.0,142984.0,97139.0,732500.0,751333.3333333335
57.0,1518143.0,332249.0,3278.333333333333,3268.333333333333
893.0,444649.0,396410.0,1963.166666666667,2067.333333333333
1046.0,243920.0,1263921.9999999998,2341.6666666666665,2611.6666666666665
316.0,4742344.0,7724143.999999997,6405.0,7605.0
4096.0,11048813.0,7161214.000000003,7691.666666666668,10016.666666666666
1054.0,118652.0,51928.0,71150.0,70366.66666666669
2822.0,1603.0,1774278.0,2780.0,3582.5
186.0,671393.0,1975038.0,4136.666666666667,4128.333333333333
30981.0,4864039.0,9321592.0,14713.0,13932.333333333336
928.0,4146602.0,1109715.9999999998,8736.666666666666,8361.666666666666
467.0,2779905.0,4153242.0,3979.166666666666,4086.666666666666
1431.0,351945.0,3326238.0,219866.66666666663,207766.66666666663
1761.0,13662.0,9811.999999999998,258500.0,257083.33333333328
586.0,237236.0,531925.9999999999,5083.333333333333,5240.0
9565.0,228860.0,479229.0,48733.33333333334,51400.0
8978.0,6293426.0,1941272.0,41733.333333333336,40408.333333333336
199.0,114511.0,622836.0,8091.666666666668,8131.666666666668
1709.0,10454.0,4589.000000000001,5415.0,5378.333333333333
1616.0,23247.0,14625.0,5103.333333333333,5123.333333333333
5947.0,56835.0,91314.0,45658.33333333334,42741.66666666666
1131.0,3168.0,3095.0,24000.0,23900.0
821.0,203874.0,196824.0,1527.5,1557.5
250.0,813724.0,348960.0,7763.333333333332,7606.666666666668
0.0,2516014.0,1485364.9999999998,14216.666666666664,14008.333333333336
77.0,26601.0,145429.99999999994,12725.0,13091.666666666664
722.0,126282.0,77937.0,19875.0,19233.33333333333
28601.0,1298816.0,7453189.000000003,2714.1666666666665,3001.666666666666
1153.0,913572.0,1578922.0000000002,4260.833333333333,4565.833333333333
1321.0,170215.0,104254.0,212133.33333333328,212583.33333333328
2405.0,1040871.0,6252222.0,16758.333333333332,19808.33333333333
8299.0,192975.0,141793.99999999994,41050.0,41675.0
1481.0,476281.0,14134824.0,5588.333333333332,5220.0
1872.0,5889875.0,1249455.0,2333.333333333333,2160.833333333333
19339.0,128321.0,54944.0,113533.33333333331,109216.66666666669
740.0,2496594.0,9795906.0,3417.5,3494.166666666666
13838.0,66660.0,178437.0,1562.5,1630.833333333333
1121.0,15851.0,67119.99999999999,13325.0,13458.333333333336
1005.0,3964534.0,16008036.0,1070.0,1125.0
3243.0,259189.0,468991.00000000006,2917.5,2919.166666666666
36.0,4864039.0,9321592.000000002,14713.0,13932.333333333336
2405.0,120944.0,18143.0,46116.66666666666,45050.0
222.0,76520.0,41775.0,7075.0,7015.0
15.0,6628831.0,8088010.000000003,3166.666666666666,4114.166666666667
238.0,219170.0,204885.0,7850.0,8083.333333333332
210.0,3921100.0,1617749.0,2624.1666666666665,2336.6666666666665
19323.0,475697.0,353043.99999999994,88083.33333333331,88866.66666666669
7748.0,73267.0,120892.0,6496.666666666668,6741.666666666668
260.0,688830.0,603520.0000000001,3584.166666666666,3434.166666666666
962.0,360476.0,115560.0,9691.666666666666,9681.666666666666
1270.0,51928.0,48829.99999999999,70366.66666666669,69216.66666666669
770.0,1570659.0,45135420.0,6530.0,7598.333333333332
5088.0,60372.0,157204.99999999994,46266.66666666666,47958.33333333334
275.0,1528357.0,268200.99999999994,22775.0,19258.33333333333
13619.0,33090.0,77769.99999999999,647666.6666666665,648500.0
5457.0,27117.0,42061.000000000015,34150.0,35133.333333333336
975.0,1311419.0,105608.0,6516.666666666668,6326.666666666668
1351.0,416792.0,828983.0000000001,2209.1666666666665,2317.0
1550.0,275065.0,1134324.0,33583.333333333336,31975.0
85.0,29234971.0,5320092.999999999,5648.333333333332,5140.0
814.0,420011.0,4605762.999999999,2550.833333333333,2640.833333333333
6919.0,139084.0,287294.0000000001,24350.0,25033.33333333333
629.0,663062.0,2829672.0,3959.166666666666,4004.166666666666
374.0,2269331.0,1897755.0,9858.333333333334,9550.0
0.0,1809977.0,17579202.0,2196.6666666666665,2010.833333333333
201.0,94378.0,1064972.0,7203.333333333332,8466.666666666666
875.0,90830.0,9681.0,17850.0,17508.333333333332
6751.0,3001426.0,3399132.999999998,21316.666666666668,26233.33333333333
21471.0,238444.0,116529.0,7820.0,7861.666666666668
258.0,142152.0,114314.0,1084.1666666666667,1086.6666666666667
19339.0,125525.0,129049.0,204516.66666666663,193166.66666666663
1102.0,319352.0,99403.0,1655.833333333333,1579.166666666667
1090.0,2477539.0,2451157.0000000005,21783.33333333333,23333.33333333333
206.0,20569831.0,21369633.0,1439.166666666667,1644.166666666667
739.0,110664.0,255528.0,23691.66666666667,24091.66666666667
649.0,142819.0,466546.00000000006,19666.666666666668,21183.33333333333
949.0,617796.0,13244196.0,3008.333333333333,3237.5
2440.0,25762.0,211691.0,48808.33333333334,53566.66666666666
0.0,5551.0,577298.0,8633.333333333334,14400.0
462.0,38128.0,163472.0,59666.66666666666,66650.0
1548.0,3028758.0,5103405.0,57083.33333333334,57583.33333333334
0.0,1177461.0,2054345.0,9395.0,11041.666666666664
4581.0,95402.0,122323.99999999994,37858.16666666666,38538.833333333336
707.0,58674.0,63857.0,8573.333333333334,8635.0
1043.0,186666.0,520712.0,20975.0,22658.33333333333
867.0,130485.0,229831.0,16591.666666666668,15758.333333333336
2922.0,4163363.0,6361324.000000003,13091.666666666664,15416.666666666664
0.0,103895.0,58682.0,79516.66666666669,80016.66666666669
2278.0,52910652.0,10560240.0,1492.5,1291.6666666666667
236.0,7460211.0,63181392.0,4270.833333333333,5023.333333333333
0.0,1274287.0,10237198.000000002,4765.833333333333,5995.0
13619.0,3072.0,3624.0,150666.66666666663,149833.33333333337
290.0,14559.0,19234.0,24608.33333333333,25758.33333333333
679.0,332323.0,834273.9999999999,10741.666666666666,10866.666666666666
559.0,1065253.0,163810.00000000006,6343.333333333332,6223.333333333332
481.0,2887675.0,955757.0,1778.333333333333,1805.833333333333
0.0,243281.0,2389138.9999999995,10183.333333333334,11900.0
564.0,826437.0,855387.0,10031.666666666666,10040.0
11244.0,56087.0,143040.0,1448.333333333333,1408.333333333333
0.0,58037.0,67395.0,8071.666666666668,8203.333333333334
288.0,445546.0,181514.0,149083.33333333337,131833.33333333337
51.0,2748642.0,756427.9999999999,4140.833333333333,4142.5
795.0,57440.0,25475.0,9333.333333333334,9460.0
169.0,60025.0,14250606.0,3347.5,3533.333333333333
3449.0,415320.0,2565676.0,3603.333333333334,3806.666666666666
679.0,3747.0,1928.0,18800.0,17941.666666666668
2336.0,1635002.0,8653738.000000002,8646.666666666666,11091.666666666664
0.0,9719.0,46582.00000000001,7966.666666666668,8350.0
2947.0,14264784.0,11293998.0,15775.0,20091.666666666668
250.0,128256.0,71009.0,3473.333333333333,3563.333333333333
0.0,689693.0,5567868.0,6815.0,7425.0
1046.0,1798145.0,14747308.999999998,6798.333333333332,8065.0
632.0,1314694.0,867836.0000000001,857.3333333333335,924.3333333333336
1049.0,1874801.0,3182673.0,44941.66666666666,52008.33333333334
919.0,21791.0,45679.00000000001,24616.66666666667,24841.66666666667
1663.0,299741.0,82622.00000000001,6541.666666666668,6411.666666666668
188.0,136080.0,93618.0,2058.333333333333,2158.333333333333
724.0,1864261.0,769840.0000000001,6703.333333333332,6308.333333333332
157.0,1191132.0,304859.0,1395.0,1351.6666666666667
438.0,67387.0,485760.0,24016.66666666667,24300.0
176.0,56147.0,179304.0,5885.0,5910.0
1106.0,105099.0,177505.00000000003,142083.33333333337,146000.0
909.0,24407.0,17763.0,22783.33333333333,22950.0
465.0,96540.0,1789872.0,5248.333333333333,5388.333333333333
260.0,816689.0,1204212.0,8060.0,9036.666666666666
74.0,1301085.0,7424566.000000003,6533.333333333332,8815.0
76361.0,53567.0,90455.0,33416.666666666664,31741.66666666667
76.0,47597.0,271392.0,1678.333333333333,1723.333333333333
739.0,8198035.0,2303301.0,16250.0,16675.0
499.0,104164.0,127678.0,43191.66666666666,42900.0
13177.0,79468.0,83152.0,233583.33333333328,234916.66666666663
62777.0,1119.0,842.0,563166.6666666665,572166.6666666665
608.0,129519.0,5473824.0,9786.666666666666,10275.0
264.0,41336.0,1150304.0,24575.0,29941.66666666667
658.0,834439.0,403727.0,315750.0,317500.0
115.0,104666.0,202067.0,169166.66666666663,186000.0
176.0,106413.0,176520.0,2118.333333333333,2115.833333333333
61.0,104318.0,526513.0000000001,6833.333333333332,7545.0
875.0,202262.0,363822.0,783.3333333333335,857.3333333333335
0.0,17589.0,6800.0,38983.333333333336,38341.66666666666
6627.0,897913.0,608073.0,9338.333333333334,8803.333333333334
0.0,134236.0,960540.0,38625.0,39866.66666666666
952.0,4377.0,5028.999999999999,86116.66666666669,84683.33333333331
11157.0,2305384.0,13120728.0,14083.333333333336,16258.333333333336
7685.0,66291.0,140268.0,2693.333333333333,2866.666666666666
8406.0,19367.0,11572.999999999998,159933.33333333337,160500.0
490.0,34438.0,31391.0,2991.666666666666,2994.166666666666
1239.0,246846.0,70079.00000000001,2808.333333333333,2815.833333333333
51.0,20774012.0,2640430.0000000005,2392.5,2045.833333333333
10206.0,485057.0,1190718.9999999998,27708.33333333333,34033.333333333336
1235.0,46305036.0,138586848.0,528.1666666666666,566.5
64.0,105081.0,236432.0,237891.5,245583.83333333328
1197.0,482303.0,204557.0,18258.33333333333,17883.333333333332
51.0,74866.0,31236.0,17858.333333333332,17783.333333333332
197.0,480832.0,364173.0,13391.666666666664,13291.666666666664
1917.0,6753664.0,4107012.0,1470.0,1322.5
0.0,420579.0,381409.0,19275.0,19041.666666666668
564.0,1048845.0,3671583.9999999995,10350.0,12016.666666666664
1443.0,247455.0,83733.99999999999,8215.0,8181.666666666668
1489.0,2840067.0,3101824.9999999995,1479.166666666667,1416.666666666667
370.0,2180.0,10338.0,67366.66666666669,67016.66666666669
1416.0,1864845.0,2057984.0,1160.8333333333333,1217.5
102.0,90194.0,616464.0,4776.666666666667,4795.0
1467.0,1038346.0,2110036.9999999995,3382.5,3829.166666666666
275.0,14242.0,13687.999999999998,14691.666666666664,14316.666666666664
5076.0,85825.0,337901.0000000001,5049.166666666667,5558.333333333332
1280.0,1454928.0,339393.0,7014.166666666668,6598.833333333332
3982.0,4970298.0,1624261.9999999998,19866.666666666668,18975.0
1724.0,28591.0,17181.0,152500.0,153916.66666666663
295.0,93998.0,372966.0,8115.0,8083.333333333332
2573.0,4368268.0,6755953.000000003,89100.0,90450.0
4608.0,57870.0,131766.0,19933.33333333333,21350.0
990.0,153560.0,139003.0,56500.0,56600.0
499.0,173432.0,97142.0,183366.66666666663,179233.33333333337
724.0,1333876.0,272739.99999999994,4075.833333333334,3858.333333333334
255.0,437662.0,192385.00000000003,10006.666666666666,9795.0
16991.0,12673.0,89523.99999999999,4876.666666666667,4815.0
1660.0,3393351.0,8086869.0,11141.666666666664,14658.333333333336
1149.0,18680.0,36312.0,3434.166666666666,3401.666666666666
0.0,621086.0,610821.0,344166.66666666674,334666.66666666674
647.0,40671.0,289602.0,7546.666666666668,7850.0
1351.0,19601007.0,4390557.999999999,6400.0,6011.666666666668
1020.0,98584.0,35959.999999999985,139166.66666666663,143500.0
0.0,1453236.0,1812808.0,103250.0,102000.0
2298.0,224111.0,206258.0,20058.33333333333,21458.33333333333
228.0,27274.0,52467.0,602.6666666666666,577.6666666666666
867.0,152096.0,263211.0,34250.0,32308.33333333333
1718.0,163931.0,626502.0,48300.0,44058.33333333334
1046.0,1167907.0,6589012.000000003,5401.666666666667,7825.0
1599.0,16660173.0,21801966.0,1565.833333333333,1705.0
1327.0,37302.0,61029.0,116666.66666666669,127583.33333333331
1486.0,1098676.0,8479297.0,879.0,1171.6666666666667
451.0,6107878.0,16697097.0,2520.833333333333,3593.333333333333
187.0,7295129.0,1531756.9999999998,8168.333333333332,7626.666666666668
2370.0,462293.0,589207.0000000001,224811.5,206082.66666666663
1666.0,326852.0,185658.0,143333.33333333337,144583.33333333337
16991.0,28640.0,36862.99999999999,2075.0,2137.5
1210.0,9193840.0,10212568.000000002,5050.0,5308.333333333333
1750.0,79138.0,755821.0000000001,13316.666666666664,15158.333333333336
375.0,21577.0,7726.0,8680.0,8763.333333333334
185.0,56051.0,32152.0,3006.666666666666,3018.333333333333
1302.0,216563.0,277869.0,369416.66666666674,434750.0
668.0,986770.0,265641.0,6410.0,6043.333333333332
1162.0,24535.0,51770.0,34900.0,35483.333333333336
535.0,18289.0,480676.00000000006,17850.0,18400.0
2778.0,704130.0,5378814.0,3006.666666666666,2900.833333333333
91.0,254384.0,95791.0,3725.0,3704.166666666666
1127.0,176140.0,3641813.0,2810.833333333333,3120.0
772.0,10787.0,29114.0,31270.33333333333,31294.66666666667
617.0,11879.0,8440.999999999998,171083.33333333337,169500.0
1148.0,22345.0,255857.0,252916.66666666663,272250.0
23.0,188578.0,221677.0,8711.666666666666,8281.666666666666
1542.0,2691985.0,3141112.0000000005,60066.66666666666,60950.0
705.0,915793.0,28288.0,14150.0,13866.666666666664
2360.0,9412713.0,1449021.0,9506.666666666666,10083.333333333334
0.0,33880.0,71664.99999999999,38016.66666666666,39600.0
11908.0,3908897.0,9085458.0,64900.0,64616.66666666666
2822.0,6929495.0,3165390.999999998,55450.0,56000.0
115.0,881521.0,548694.0,118583.33333333331,116500.0
6627.0,105774.0,90569.0,132443.0,138336.5
1917.0,357268.0,109882932.0,2424.1666666666665,2820.0
0.0,411871.0,2461441.0000000005,9620.0,10758.333333333334
898.0,99364.0,2022966.0,2216.6666666666665,2360.0
585.0,3943920.0,2084104.0,3427.166666666666,3731.166666666666
1002.0,51523.0,188870.0,4165.833333333333,4310.0
1097.0,3393351.0,8086869.0,11141.666666666664,14658.333333333336
115.0,221796.0,1589263.9999999998,52150.0,65766.66666666669
410.0,110368.0,568362.0,26666.66666666667,26908.33333333333
24673.0,6748676.0,10596504.0,3866.666666666666,5848.333333333332
170.0,29421.0,741193.0000000001,9785.0,12941.666666666664
0.0,79441.0,1029574.0,9670.0,10216.666666666666
1151.0,32017281.0,8921212.0,923.3333333333336,892.6666666666665
629.0,18542.0,596208.0,19416.666666666668,20241.666666666668
0.0,1307342.0,1245284.0,32950.0,26500.0
27359.0,3847.0,11893.000000000002,5136.666666666667,5211.666666666667
792.0,121123.0,3753912.0,12583.333333333336,15300.0
94.0,1451627.0,9305622.0,4183.333333333333,4159.166666666667
529.0,6388344.0,8672764.999999998,10205.0,12150.0
658.0,1065617.0,6130002.0,2407.5,2808.333333333333
2526.0,16716703.0,13557804.0,5605.0,4790.833333333333
632.0,5496442.0,55431912.0,256.3333333333333,327.8333333333333
4096.0,127905.0,69776.00000000001,3670.833333333334,3578.333333333333
11908.0,6774992.0,20592618.0,14341.666666666664,12858.333333333336
1014.0,12938.0,123301.0,12425.0,12850.0
1582.0,2170663.0,464860.00000000006,12900.0,12691.666666666664
128.0,98088.0,356022.0,2195.833333333333,2284.1666666666665
97.0,3515591.0,500096.0,6835.0,6508.333333333332
6919.0,575521.0,242290.0,23991.66666666667,23466.66666666667
668.0,750555.0,1342560.9999999998,25675.0,24283.33333333333
632.0,142134.0,44857.00000000001,30148.83333333333,30188.66666666667
0.0,8302018.0,55826885.0,1299.1666666666667,1561.666666666667
290.0,163472.0,194238.0,66650.0,60616.66666666666
304.0,413478.0,450464.0,6028.333333333332,5991.666666666668
36.0,793250.0,938761.0,29558.33333333333,33891.666666666664
565.0,1662833.0,331506.0,9525.0,9348.333333333334
1588.0,60925.0,10857090.0,6696.666666666668,6961.666666666668
264.0,4408311.0,3032917.9999999995,22902.5,32104.33333333333
25987.0,18245.0,534997.0000000001,20983.33333333333,22691.66666666667
304.0,188382.0,256973.0,2348.333333333333,2401.6666666666665
974.0,4040878.0,643750.9999999999,1033.8333333333333,1056.6666666666667
123.0,1356969.0,891822.0,3170.0,3194.166666666666
626.0,640600.0,749695.0000000001,2878.333333333333,2919.166666666666
448.0,11133614.0,11975959.000000002,3753.333333333334,4655.833333333333
1148.0,77872.0,59816.0,15456.0,14968.0
19535.0,2137381.0,3618924.9999999995,10391.666666666666,12766.666666666664
727.0,353325.0,2154966.0,5925.0,6320.0
710.0,870387.0,4809843.999999999,10450.0,12641.666666666664
545.0,471138.0,1162212.0,73633.33333333331,76566.66666666669
0.0,2473.0,86142.0,5778.333333333332,6273.333333333332
1599.0,10944545.0,90201228.0,1412.5,1707.5
875.0,59127.0,5821182.0,5525.0,7563.333333333332
529.0,36129.0,1781542.0000000002,6313.333333333332,10691.666666666666
1351.0,126382.0,221113.0,6458.333333333332,6511.666666666668
233.0,336026.0,453192.0,2235.0,2290.0
1872.0,243886.0,204397.0,2931.666666666666,2935.0
327.0,24086.0,45597.0,13833.333333333336,13983.333333333336
2111.0,408904.0,873764.0000000001,29900.0,31633.33333333333
19339.0,1914327.0,3766296.0,7846.666666666668,8635.0
573.0,19193.0,13906.0,32433.33333333333,31766.66666666667
187.0,1200400.0,447470.0,14504.333333333336,15291.5
0.0,1329055.0,189192.0,10476.666666666666,9488.333333333334
302.0,104318.0,526513.0000000001,6833.333333333332,7545.0
163.0,28408.0,7381917.0,1159.1666666666667,1535.833333333333
536.0,3472039.0,15155460.0,3905.0,3989.166666666666
490.0,3507495.0,484667.0,5541.666666666668,5326.666666666667
1718.0,15354631.0,36925740.0,2121.6666666666665,2187.5
947.0,1796464.0,274677.99999999994,2559.1666666666665,2476.6666666666665
867.0,154061.0,129876.0,20833.33333333333,19533.33333333333
0.0,15379.0,6825.0,112416.66666666669,111916.66666666669
751.0,48817.0,171460.00000000006,84045.83333333331,87564.0
11164.0,315660.0,9776823.0,8651.666666666666,10716.666666666666
0.0,341697.0,4776774.0,7148.333333333332,7295.0
0.0,142202.0,146922.0,115916.66666666669,96783.33333333331
1246.0,102687.0,581952.0,48000.0,47191.66666666666
910.0,15902.0,6379320.0,2386.6666666666665,2487.5
1131.0,514294.0,555517.0000000001,11625.0,12416.666666666664
304.0,86575.0,126853.0,11691.666666666664,11591.666666666664
529.0,225363.0,1826604.0,4569.166666666667,4620.833333333333
1091.0,149516.0,658006.9999999999,5191.666666666667,5396.666666666667
951.0,378920.0,126655.0,10450.0,10125.0
0.0,24779.0,66966.0,62850.0,66850.0
474.0,633855.0,300288.0,26500.0,25408.33333333333
432.0,195164.0,2851704.0,5176.666666666667,5100.0
0.0,37329.0,15951.0,9848.333333333334,9713.333333333334
6327.0,42555.0,130146.0,2975.0,2987.5
1410.0,150835.0,73820838.0,1930.0,2334.1666666666665
54.0,1376512.0,2134350.0,3882.5,4680.833333333333
0.0,6129926.0,1285367.0,3072.0,2905.833333333333
222.0,1397591.0,36139284.0,3101.666666666666,3510.833333333333
875.0,95541.0,56284.0,14591.666666666664,14950.0
0.0,266380.0,13868521.999999998,2835.0,4107.5
2768.0,582987.0,17513424.999999996,2095.833333333333,2560.833333333333
0.0,133438.0,81756.99999999999,81566.66666666669,81050.0
1153.0,63327.0,230190.0,31108.33333333333,31533.33333333333
1145.0,110978.0,140641.00000000006,407166.66666666674,431000.0
6627.0,5286756.0,6735942.0,11116.666666666664,13041.666666666664
11157.0,1629413.0,1513812.0,17725.0,18300.0
910.0,1242442.0,6592686.0,17266.666666666668,17041.666666666668
23.0,5191488.0,10450149.0,2464.1666666666665,2817.5
1327.0,66507.0,44235.0,12627.5,12730.833333333336
404.0,47423.0,87408.0,17583.333333333332,17741.666666666668
6643.0,107895.0,94476.0,4264.166666666667,4270.0
724.0,564696.0,2378548.0000000005,1215.0,1332.5
670.0,25309.0,4100964.0,1207.5,1225.0
2123.0,1818156.0,9669051.0,3818.333333333334,4220.833333333333
682.0,345890.0,99365.0,4232.5,4385.5
802.0,458983.0,217750.0,62833.33333333334,60933.33333333334
188.0,2061521.0,6983856.0,2959.166666666666,3779.166666666666
276.0,41563.0,13257.0,179416.66666666663,179166.66666666663
383.0,15023891.0,24303353.000000004,7488.333333333332,9310.0
0.0,4672523.0,4014234.0,7225.0,8501.666666666666
647.0,147576.0,1014484.0,25116.66666666667,27175.0
1248.0,7015682.0,65667270.0,1273.3333333333333,1412.5
91.0,667543.0,11032944.0,8088.333333333332,10508.333333333334
324.0,60276.0,95510.0,42308.333333333336,42200.0
521.0,180943.0,615148.9999999999,4000.0,4055.0
350.0,61229438.0,11682799.999999998,1263.3333333333333,1245.8333333333333
904.0,1373980.0,3044310.0,9168.333333333334,8901.666666666666
587.0,409753.0,3796248.0,5521.666666666668,5843.333333333332
792.0,35532.0,129079.99999999994,34851.833333333336,36658.833333333336
620.0,688830.0,3621120.0,3584.166666666666,3434.166666666666
2770.0,68489.0,43156.000000000015,77950.0,77400.0
0.0,154627.0,154122.0,670833.3333333335,695166.6666666665
3449.0,807203.0,1855548.0,13525.0,14158.333333333336
2182.0,93361.0,64398.0,41891.66666666666,44016.66666666666
287.0,324342.0,512741.0,8620.0,9278.333333333334
3268.0,49825.0,39238.99999999999,34708.333333333336,34200.0
594.0,73446.0,986798.0,2544.1666666666665,2703.333333333333
1190.0,240645.0,419864.0,17316.666666666668,16533.333333333332
5.0,312618.0,176122.99999999997,247083.33333333328,279833.33333333326
11298.0,169455.0,1008674.0,2539.1666666666665,2598.333333333333
2822.0,151745.0,88722.99999999999,437416.66666666674,432666.66666666674
1588.0,20574.0,584292.0,15175.0,16066.666666666664
25920.0,15460.0,9316.999999999998,5948.333333333332,5758.333333333332
0.0,9855735.0,8247832.000000003,1457.5,1592.5
3893.0,188478992.0,33516171.0,1113.3333333333333,992.0
1100.0,12487.0,20195.0,85800.0,86300.0
3598.0,81634.0,428298.0,91683.33333333331,93450.0
499.0,26901.0,17093.0,186750.0,185000.0
1404.0,120944.0,108858.0,46116.66666666666,45050.0
5457.0,22202.0,19963.0,28841.66666666667,28866.66666666667
2405.0,25256.0,39246.0,17666.666666666668,17433.333333333332
142.0,1991121.0,47960602.00000001,1425.0,1931.666666666667
0.0,9401631.0,9524607.0,82316.66666666669,83966.66666666669
549.0,700281.0,1131275.0,9465.0,10833.333333333334
275.0,2123504.0,816689.0000000001,8370.0,8060.0
3219.0,1326300.0,2325069.0,12200.0,12933.333333333336
884.0,5103405.0,3617886.9999999995,57583.33333333334,58083.33333333334
529.0,819839.0,234814.0,55066.66666666666,55116.66666666666
782.0,147951.0,101029.0,5175.0,5088.333333333333
1660.0,3256595.0,4575708.999999999,6110.0,6231.666666666668
20732.0,8347329.0,23230662.0,5660.0,6153.333333333332
1709.0,575283.0,10409686.000000002,4193.333333333333,4339.166666666667
2440.0,149806.0,228186.0,26325.0,25483.33333333333
304.0,21201.0,6976432.999999997,1707.5,2055.0
982.0,3579326.0,13050702.0,4028.333333333334,4540.0
2922.0,2220284.0,1653829.9999999998,88500.0,93216.66666666669
1124.0,41666.0,92241.0,57000.0,57183.33333333334
187.0,1568372.0,4218092.000000001,6230.0,7830.0
1481.0,175417.0,809160.0,26566.66666666667,26800.0
0.0,203589.0,107268.0,3861.666666666666,3763.333333333334
1131.0,1369010.0,730366.0000000001,11766.666666666664,12066.666666666664
16991.0,8399.0,14992.0,35533.333333333336,37250.0
91.0,29660.0,1234655.0,26041.66666666667,29316.66666666667
1108.0,6486223.0,7726741.0,5185.0,6263.333333333332
605.0,25100.0,154698.0,5045.0,5350.0
1109.0,143290.0,84131.00000000001,912500.0,948000.0
814.0,280898.0,514294.00000000006,11258.333333333336,11625.0
188.0,82130.0,168364.99999999994,3064.166666666666,3096.666666666666
762.0,42876.0,50141.0,15058.333333333336,15116.666666666664
1151.0,590770.0,624659.0,2950.0,3212.5
79648.0,1111361.0,341613.99999999994,203250.0,207250.0
264.0,547497.0,468205.00000000006,1898.333333333333,1937.5
1917.0,1564867.0,5723985.999999999,8668.333333333334,12000.0
16711.0,107770.0,1110707.0,184901.0,244918.16666666663
514.0,55979.0,59722.0,205666.66666666663,193833.33333333328
529.0,243511.0,185603.0,6800.0,6246.666666666668
2822.0,29467.0,12438.0,815333.3333333335,815500.0
4132.0,25033.0,26085.0,15666.666666666664,16191.666666666664
2365.0,1280183.0,5394425.000000001,4194.166666666667,4396.666666666667
792.0,253506.0,234443.0,282833.33333333326,309416.66666666674
617.0,161376.0,276804.0,18732.33333333333,18844.166666666668
1199.0,256204.0,5524014.0,4428.333333333333,4075.0
2432.0,261501.0,268231.0,62583.33333333334,58650.0
0.0,39049.0,12224232.0,6013.333333333332,8410.0
1734.0,1243604.0,531037.0000000001,10766.666666666666,10791.666666666666
590.0,97162.0,168858.0,5141.333333333333,4959.666666666667
795.0,2887675.0,955757.0,1778.333333333333,1805.833333333333
913.0,124108.0,440641.00000000006,5191.666666666667,5240.0
95.0,16660173.0,21801966.0,1565.833333333333,1705.0
11076.0,4680317.0,4251756.0,3146.666666666666,3696.666666666666
6916.0,199817.0,148945.00000000006,5323.333333333333,5248.333333333333
1127.0,1516928.0,798571.0,9976.666666666666,10065.0
229.0,870387.0,4809843.999999999,10450.0,12641.666666666664
1088.0,12780461.0,4517100.999999999,3162.5,2825.0
1457.0,1956859.0,1591108.0000000002,15366.666666666664,16391.666666666668
290.0,1591108.0,5392341.0,16391.666666666668,17816.666666666668
11298.0,1831960.0,4056898.0,6935.0,6748.333333333332
666.0,183587.0,267066.0,13191.666666666664,12508.333333333336
564.0,398607.0,486019.00000000006,11675.0,11450.0
297.0,76514.0,8087.0,15108.333333333336,14666.666666666664
1203.0,2542.0,181182.0,7008.333333333332,7396.666666666668
875.0,1167907.0,6589012.000000003,5401.666666666667,7825.0
1302.0,816689.0,1204212.0,8060.0,9036.666666666666
253.0,102687.0,581952.0,48000.0,47191.66666666666
868.0,158637.0,146683.00000000006,197666.66666666663,190250.0
529.0,186619.0,422084.0,9293.333333333334,9461.666666666666
14419.0,852197.0,8916618.0,4558.333333333333,4731.666666666667
1321.0,1368422.0,5955719.000000001,19075.0,20425.0
1280.0,58800.0,18899.0,4901.666666666667,4824.166666666667
2032.0,52435.0,27668.0,1502.5,1455.0
11908.0,724164.0,5547186.0,181133.33333333328,176333.33333333337
1481.0,152483.0,1632828.0,3736.666666666666,3575.0
77.0,65307.0,42064.99999999999,4835.833333333333,4798.333333333333
826.0,32017281.0,8921212.0,923.3333333333336,892.6666666666665
990.0,30110.0,21453.0,9328.666666666666,9418.333333333334
1404.0,306138.0,318681.0,3695.833333333334,3660.0
1469.0,72501045.0,76456610.0,2840.0,3158.333333333333
1351.0,17750.0,1040103.0,1165.0,1213.3333333333333
911.0,15195.0,105492.0,62700.0,63366.66666666666
894.0,8080688.0,55753746.0,1045.8333333333333,1142.5
1754.0,49001.0,43827.0,11616.666666666664,11216.666666666664
21471.0,96577.0,75489.99999999999,3324.166666666666,3325.0
120.0,104318.0,526513.0000000001,6833.333333333332,7545.0
1729.0,2546390.0,7243705.999999997,1057.3333333333333,1112.1666666666667
441.0,272252.0,525865.0000000001,11550.0,11800.0
744.0,2754311.0,865284.9999999999,14850.0,13608.333333333336
1400.0,56132.0,206496.0,22200.0,21558.33333333333
2298.0,379232.0,65615.0,4685.0,4666.666666666667
260.0,1876358.0,1493634.9999999998,4995.833333333333,5034.166666666667
1546.0,42574.0,199617.0,3155.0,3364.166666666666
22599.0,152050.0,86571.0,446000.0,458583.33333333326
3243.0,56192.0,98970.0,50000.0,50866.66666666666
814.0,258929.0,515123.0,135166.66666666663,141916.66666666663
2822.0,13882.0,4627617.999999999,2722.5,3275.833333333333
1872.0,347609.0,291009.0,6728.333333333332,6646.666666666668
1602.0,35842.0,7634.0,6865.0,6846.666666666668
780.0,8609582.0,3984093.9999999995,10275.0,10541.666666666666
5550.0,4336643.0,3795096.9999999995,59266.66666666666,58350.0
1150.0,508252.0,169923.0,1330.0,1337.5
724.0,127023.0,243807.0,149583.33333333337,149250.0
1153.0,913572.0,9473532.0,4260.833333333333,4565.833333333333
87.0,11716.0,12645.0,8221.666666666666,8233.333333333334
0.0,461364.0,2533272.0,3322.5,3720.833333333334
1280.0,763261.0,1732396.9999999998,3968.333333333334,4158.333333333333
343.0,1951679.0,7542189.0,6130.0,8386.666666666666
910.0,15845.0,326406.0,30108.33333333333,29975.0
1256.0,27744447.0,4539494.0,3537.5,3492.5
96.0,246364.0,453210.0,1015.0,1020.8333333333336
517.0,264086.0,1041166.0,5340.0,5518.333333333332
754.0,188173.0,335874.0,226750.0,205666.66666666663
197.0,20569831.0,21369633.0,1439.166666666667,1644.166666666667
0.0,5551.0,577297.9999999999,8633.333333333334,14400.0
836.0,199451.0,52936.0,2353.333333333333,2332.5
13958.0,267919.0,126097.0,23050.0,22541.66666666667
93.0,3619025.0,8980942.0,9813.333333333334,10083.333333333334
1083.0,36129.0,1781542.0000000002,6313.333333333332,10691.666666666666
739.0,754774.0,438655.00000000006,16091.666666666664,15333.333333333336
868.0,1863950.0,1415661.0,147250.0,141750.0
7081.0,8928.0,24297.0,125383.33333333331,131233.33333333337
620.0,2002560.0,99622.0,1854.166666666667,1808.333333333333
1639.0,52674.0,65108.0,182416.66666666663,179750.0
0.0,120431.0,402558.0,1185.0,1196.6666666666667
1327.0,5964022.0,41225119.00000001,1628.333333333333,1800.0
2432.0,204989.0,166717.0,117683.66666666669,105907.16666666669
1709.0,176123.0,78935.00000000001,279833.33333333326,281083.33333333326
87.0,118482.0,50267.0,19215.5,18822.0
668.0,57434.0,248915.0,1608.333333333333,1660.833333333333
2365.0,5011.0,3373.0,47916.66666666666,47891.66666666666
23479.0,729659.0,20561844.0,2323.333333333333,2571.6666666666665
281.0,127973.0,94174.0,2290.833333333333,2302.5
136.0,101097.0,153514.00000000006,19683.33333333333,19533.33333333333
1922.0,2013284.0,3302706.0,2610.833333333333,2117.5
155.0,5065258.0,11048813.0,6425.0,7691.666666666668
3289.0,173432.0,97142.0,183366.66666666663,179233.33333333337
264.0,547497.0,2809230.0,1898.333333333333,1937.5
10166.0,77287.0,115545.0,8053.333333333332,8178.333333333332
302.0,69740.0,69578.00000000001,7650.0,7301.666666666668
8978.0,893976.0,180498.0,233003.0,222883.0
525.0,64838.0,66561.99999999999,41925.833333333336,42793.0
2411.0,138794.0,8349813.0,6681.666666666668,7866.666666666668
238.0,10052203.0,3511274.0000000014,1728.333333333333,1646.666666666667
890.0,4908852.0,1406133.9999999998,948.0,892.6666666666665
282.0,23816.0,167760.0,16916.666666666668,16975.0
114.0,21152885.0,19601007.0,5246.666666666667,6400.0
398.0,1550586.0,1375638.0,15975.0,16641.666666666668
2182.0,6535.0,15838.999999999998,3552.5,3552.5
5.0,56320.0,89532.99999999999,14383.333333333336,15058.333333333336
0.0,1477010.0,4921806.0,2440.833333333333,2451.6666666666665
6627.0,1342561.0,428743.00000000006,24283.33333333333,25083.33333333333
76361.0,758923.0,3709977.0,22333.33333333333,23033.33333333333
367.0,1951357.0,7286923.999999997,6118.333333333332,6475.0
665.0,11656.0,11216.0,7761.666666666668,7900.0
84.0,8607314.0,7598671.999999997,8126.666666666668,10083.333333333334
238.0,2883121.0,240771.0,5491.666666666667,5353.333333333333
1722.0,9776823.0,806019.9999999999,10716.666666666666,9213.333333333334
16991.0,33531.0,148572.0,10858.333333333334,11875.0
632.0,772955.0,1750110.0,26533.33333333333,28408.33333333333
290.0,65403.0,2227302.0,14300.0,15441.666666666664
2556.0,61207.0,37096.99999999999,2990.833333333333,3035.833333333333
7748.0,801753.0,2257751.0,14758.333333333336,15366.666666666664
423.0,11220987.0,2775257.0,2382.5,2370.833333333333
2922.0,257755.0,4048857.9999999995,9008.333333333334,11191.666666666664
979.0,19747451.0,16173931.999999998,2763.333333333333,2888.166666666666
0.0,874566.0,872650.0,6928.333333333332,6755.0
553.0,23044667.0,100803834.0,2730.833333333333,2426.6666666666665
51.0,32035.0,574531.0000000001,136368.66666666663,111121.83333333331
16.0,188578.0,221677.0,8711.666666666666,8281.666666666666
2550.0,63319.0,64097.0,85600.0,91600.0
902.0,1211562.0,39490654.99999999,1493.333333333333,1905.833333333333
506.0,7757575.0,9412713.0,9398.333333333334,9506.666666666666
182.0,239529.0,241275.0,23100.0,22241.66666666667
0.0,43402.0,1350497.0,2770.0,2941.666666666666
529.0,1057.0,137596.99999999994,30441.66666666667,33425.0
562.0,13927.0,91782.0,9483.333333333334,10004.166666666666
9735.0,129815.0,171022.00000000006,40297.16666666666,37355.833333333336
1150.0,5868.0,82559.0,8178.333333333332,8085.0
516.0,40444.0,65994.0,16925.0,16304.166666666664
1232.0,152571.0,380009.00000000006,2545.0,2788.333333333333
127.0,29591.0,152953.00000000006,13629.166666666664,14150.0
1280.0,7199.0,52141.0,10941.666666666666,11408.333333333336
277.0,15411052.0,33552468.0,5300.0,6963.333333333332
2556.0,8911366.0,20774012.0,1901.666666666667,2392.5
975.0,5082408.0,3393351.0,10528.333333333334,11141.666666666664
0.0,2038818.0,128637.0,3975.0,3793.333333333334
0.0,7217.0,6848.0,47716.66666666666,46941.66666666666
25987.0,39410.0,1180125.9999999998,9950.0,11191.666666666664
739.0,174066.0,555433.9999999999,24308.33333333333,26058.33333333333
5295.0,39191.0,22420.0,31816.66666666667,30425.0
224.0,5646974.0,2277186.0,10541.666666666666,9215.0
0.0,2327420.0,1022053.0,6223.333333333332,6163.333333333332
481.0,187420.0,440676.0,2514.1666666666665,2544.1666666666665
1709.0,327587.0,4163964.0,1209.1666666666667,1240.0
565.0,8839.0,8883.0,18458.33333333333,17733.333333333332
106.0,1190657.0,4919502.0,2679.1666666666665,2770.0
693.0,80765.0,3145089.0,29503.66666666667,38044.5
792.0,123752.0,567208.9999999999,55800.0,58500.0
375.0,318105.0,732240.0,7263.333333333332,7425.0
91.0,56147.0,29884.0,5885.0,5910.0
2439.0,499441.0,1029287.0,10010.0,10816.666666666666
281.0,131624.0,50996.0,44933.33333333334,44658.33333333334
229.0,9389802.0,3393262.0,11891.666666666664,12158.333333333336
4096.0,228355.0,192634.00000000003,328250.0,330666.66666666674
2182.0,754.0,691.9999999999999,494750.0,507083.33333333326
91.0,2724563.0,1667794.9999999998,105666.66666666669,115250.0
1351.0,1170855.0,1687789.9999999998,4884.166666666667,5555.0
0.0,9425602.0,7669000.999999997,89900.0,90083.33333333331
693.0,214805.0,6626841.0,12058.333333333336,18125.0
6751.0,1809471.0,259788.0,13000.833333333336,12268.666666666664
630.0,71784.0,15376.0,37783.333333333336,38108.333333333336
1280.0,681457.0,902286.0,5496.666666666667,5456.666666666667
0.0,73622432.0,62102416.0,310.6666666666667,351.33333333333326
1599.0,6700178.0,197452878.0,824.8333333333335,1169.1666666666667
4096.0,4038116.0,1332048.9999999998,783.5,777.1666666666665
5.0,9081.0,8121.0,26241.66666666667,25466.66666666667
0.0,133005.0,96156.0,710.3333333333335,700.5
255.0,129639.0,61803.0,9193.333333333334,9103.333333333334
2822.0,289867.0,212503.0,8415.0,9098.333333333334
516.0,84581.0,118434.0,5376.666666666667,5285.0
728.0,8341018.0,50083974.0,4647.5,5660.0
490.0,29448.0,9990.0,6713.333333333332,6738.333333333332
1327.0,4345459.0,25497786.0,7488.333333333332,11341.666666666664
64.0,1536608.0,675523.0000000001,3778.333333333334,3842.5
4581.0,152988.0,104288.0,64528.33333333334,63571.33333333334
2556.0,58070.0,28176.0,25158.33333333333,24850.0
452.0,427534.0,181676.0,3991.666666666666,3957.5
3995.0,844827.0,168355.00000000006,52316.66666666666,52866.66666666666
745.0,430830.0,834369.9999999999,20725.0,21308.33333333333
1131.0,132291.0,184834.00000000003,66633.33333333331,69633.33333333331
6327.0,3129393.0,87492735.0,1816.666666666667,2586.6666666666665
2365.0,107892.0,483541.00000000006,4095.0,3986.666666666666
1327.0,195737.0,82956.0,210550.0,219866.66666666663
2306.0,71154.0,238340.0,1839.166666666667,1840.0
439.0,103181.0,103667.0,1683.333333333333,1643.333333333333
356.0,868744.0,521908.00000000006,21825.0,22350.0
658.0,1994819.0,2724754.9999999995,3462.5,3696.666666666666
1001.0,15453.0,15855.0,2348.333333333333,2356.6666666666665
4096.0,9811450.0,2652258.0,3697.5,3689.166666666666
747.0,289574.0,4404942.0,4365.0,4042.5
1284.0,261040.0,465692.0,1214.1666666666667,1242.5
2281.0,111409.0,305061.99999999994,8598.333333333334,8843.333333333334
710.0,584293.0,201092.0,28500.0,28125.0
1280.0,118223.0,65136.0,135833.33333333337,134583.33333333337
739.0,3720604.0,21416706.0,2597.333333333333,2858.166666666666
616.0,201005.0,631494.0,3689.166666666666,3676.666666666666
2689.0,25518.0,31908.0,24341.66666666667,24650.0
916.0,115744.0,134197.99999999994,13800.0,13583.333333333336
23479.0,960577.0,559090.9999999999,79850.0,85983.33333333331
121.0,20311.0,4575.0,44083.33333333334,45516.66666666666
253.0,94733.0,123315.0,1393.333333333333,1407.5
1646.0,1921993.0,12423188.0,2851.666666666666,3522.833333333333
4132.0,49494.0,253804.0,19891.666666666668,20375.0
155.0,4058244.0,1100124.0,2572.5,2518.333333333333
693.0,4224.0,1159623.9999999998,27191.66666666667,45708.33333333334
423.0,173124.0,3373374.0,209583.33333333328,213666.66666666663
1045.0,848347.0,660871.9999999999,64733.33333333334,70133.33333333331
0.0,17789233.0,25054877.000000004,6446.666666666668,7806.666666666668
8299.0,65030.0,419245.00000000006,21866.666666666668,25083.33333333333
5457.0,10848415.0,8663418.0,22041.66666666667,28050.0
0.0,461370.0,208711.0,16116.666666666664,15866.666666666664
2440.0,254384.0,95791.0,3725.0,3704.166666666666
1404.0,1040871.0,1042037.0,16758.333333333332,19808.33333333333
201.0,331240.0,716539.9999999999,7258.333333333332,7540.0
393.0,520782.0,244300.0,155383.33333333337,149350.0
2365.0,82777.0,168151.99999999994,26633.33333333333,28800.0
176.0,254384.0,574746.0,3725.0,3704.166666666666
169.0,1099745.0,1441896.9999999998,31575.66666666667,33578.666666666664
529.0,199699.0,5646974.000000001,8525.0,10541.666666666666
1280.0,270673.0,13585.0,19516.666666666668,17458.333333333332
1151.0,10944545.0,90201228.0,1412.5,1707.5
629.0,2379613.0,42104142.0,3981.666666666666,5393.333333333333
8001.0,143217.0,1317729.0,8888.333333333334,9648.333333333334
469.0,13815.0,98307.0,11300.0,11575.0
3268.0,37464.0,48066.0,24875.0,24291.66666666667
1248.0,3441435.0,14729370.0,4610.833333333333,3954.166666666666
740.0,50042.0,258630.0,2986.666666666666,3043.333333333333
865.0,902315.0,4665778.0,10133.333333333334,10533.333333333334
826.0,346290.0,78936.0,27766.66666666667,27733.33333333333
15132.0,51761.0,99173.0,91800.0,92266.66666666669
146.0,188456.0,1582285.9999999998,1333.3333333333333,1439.166666666667
115.0,3714175.0,539986.9999999999,60416.66666666666,59483.33333333334
795.0,187420.0,440676.0,2514.1666666666665,2544.1666666666665
739.0,955757.0,33039642.0,1805.833333333333,2128.333333333333
2365.0,3963.0,6951.0,17050.0,16141.666666666664
1151.0,2454895.0,3810534.0,3954.166666666666,3806.666666666666
17067.0,255327.0,310023.0,35941.666666666664,38141.66666666666
865.0,744581.0,2457054.0,3834.166666666666,3873.333333333334
873.0,88855.0,297003.99999999994,9506.666666666666,10030.0
238.0,8911366.0,20774012.0,1901.666666666667,2392.5
630.0,36228.0,31877.0,3599.166666666666,3607.5
569.0,19618.0,12880.999999999998,19041.666666666668,19158.33333333333
1043.0,360886.0,446588.0,21066.666666666668,21616.666666666668
1351.0,411871.0,2461441.0000000005,9620.0,10758.333333333334
691.0,58113.0,246626.0,23875.0,25450.0
6873.0,115913.0,123292.99999999994,102000.0,100583.33333333331
3175.0,6894180.0,1546950.9999999998,15491.666666666664,15758.333333333336
408.0,230858.0,263574.99999999994,2595.0,2612.5
6958.0,56738.0,19756.0,2875.666666666666,2854.333333333333
719.0,169608.0,155372.0,13533.333333333336,13866.666666666664
833.0,1781276.0,648090.0,6473.333333333332,6603.333333333332
591.0,43421.0,4368122.0,7631.666666666668,9115.0
114.0,1933014.0,711315.0,3539.166666666666,3504.166666666666
0.0,527065.0,1159013.0,6081.666666666668,6145.0
849.0,75029.0,188781.0,13115.166666666664,13389.833333333336
111.0,3393351.0,8086869.0,11141.666666666664,14658.333333333336
224.0,488289.0,276186.0,4471.666666666667,4221.666666666667
1248.0,40708046.0,35745384.0,1024.0,1249.1666666666667
3085.0,21510.0,74007.0,380500.0,369000.0
400.0,2478366.0,414785.0,6185.0,5700.0
739.0,8198035.0,13819806.0,16250.0,16675.0
507.0,1626784.0,524059.00000000006,877.3333333333335,875.6666666666665
224.0,3320346.0,1977414.0,8420.0,7838.333333333332
6919.0,57314.0,42322.99999999999,29608.33333333333,29383.33333333333
1404.0,415475.0,193915.00000000003,3024.166666666666,2953.333333333333
161.0,3772.0,6248.0,19933.33333333333,19816.666666666668
0.0,54767236.0,24159865.0,182.0,187.3333333333333
1342.0,130567.0,2087574.0,2405.0,2435.0
1223.0,42150.0,254616.0,3179.166666666666,3050.0
658.0,4694745.0,897912.9999999999,9993.333333333334,9338.333333333334
820.0,58753.0,21281.0,20816.666666666668,20641.666666666668
29878.0,210211.0,143047.99999999994,103416.66666666669,104833.33333333331
767.0,93941.0,240360.0,16158.333333333336,15675.0
0.0,75988.0,104002.0,9285.0,9353.333333333334
8807.0,2883745.0,2863051.9999999995,2140.0,2323.5
2359.0,56132.0,206496.0,22200.0,21558.33333333333
1001.0,20929.0,16120.999999999998,8210.0,8280.0
21.0,1048845.0,3671583.9999999995,10350.0,12016.666666666664
15554.0,354.0,1374.9999999999998,3359.166666666666,3399.166666666666
1280.0,679145.0,676849.9999999999,2673.333333333333,2612.5
115.0,8873.0,3383328.0,24900.0,33225.0
1145.0,33543976.0,24878374.0,2465.833333333333,2679.1666666666665
3449.0,37311.0,270847.0,7498.333333333332,7795.0
1426.0,77294.0,170563.00000000006,75433.33333333331,71033.33333333331
744.0,220068.0,686355.0,7435.0,7806.666666666668
0.0,2921.0,4867.0,6645.0,6736.666666666668
884.0,18440.0,56718.0,15241.666666666664,15758.333333333336
529.0,10922868.0,23422740.0,1692.5,1548.333333333333
19535.0,17452026.0,5020220.000000001,4527.0,4318.333333333333
1620.0,7154800.0,886056.9999999999,16516.666666666668,15700.0
494.0,10687721.0,1733647.0,4626.666666666667,4435.0
965.0,700535.0,1287393.0,10908.333333333334,12550.0
529.0,1750110.0,299985.0,28408.33333333333,28283.33333333333
0.0,789239.0,264545.0000000001,5341.666666666667,5225.0
16991.0,602327.0,147124.99999999994,4482.5,4353.333333333333
1754.0,285105.0,217389.0,5250.0,5175.0
1666.0,182161.0,58685.0,41958.333333333336,41350.0
678.0,1095482.0,9064200.0,9831.666666666666,12875.0
114.0,126540.0,97541.0,75245.5,75417.83333333331
304.0,28490.0,50189.0,120166.66666666669,118166.66666666669
8001.0,23886.0,24325.0,133650.0,134766.66666666663
304.0,37312.0,3136527.0,9258.333333333334,10458.333333333334
0.0,136759.0,146551.99999999994,50500.0,50033.33333333334
264.0,210535.0,8328829.999999997,3555.833333333333,4784.166666666667
739.0,459029.0,16781733.0,1933.333333333333,2689.1666666666665
0.0,6617897.0,2434918.9999999995,12108.333333333336,12783.333333333336
1872.0,7657.0,3547.0,379916.66666666674,369833.33333333326
802.0,73530.0,719457.0,152100.0,168350.0
1046.0,2356562.0,1000979.0,4969.166666666667,5078.333333333333
529.0,325307.0,9130728.0,3250.0,3221.666666666666
245.0,309801.0,758185.9999999999,14750.0,16016.666666666664
802.0,205885.0,88529.00000000001,175918.33333333337,175203.0
2573.0,3551986.0,1255665.9999999998,3335.0,3600.833333333333
22494.0,436244.0,452645.0,8331.666666666666,8398.333333333334
0.0,3965.0,3122799.0,2803.333333333333,3195.0
254.0,963094.0,169528.00000000006,8576.666666666666,8466.666666666666
255.0,82895.0,31160.0,52583.33333333334,53283.33333333334
652.0,674066.0,424906.00000000006,156900.0,151366.66666666663
181.0,254384.0,574746.0,3725.0,3704.166666666666
0.0,3065518.0,7829671.000000003,34250.0,37900.0
24.0,7757575.0,9412713.0,9398.333333333334,9506.666666666666
3028.0,4244810.0,1712935.0000000002,24091.66666666667,21508.33333333333
1332.0,1502334.0,3563952.0,2370.833333333333,2253.333333333333
711.0,886208.0,2792643.0,17600.0,26008.33333333333
64.0,3829280.0,7998864.0,4045.0,4651.666666666667
0.0,169625.0,394235.0,26700.0,26583.33333333333
0.0,196832.0,6194442.0,8738.333333333334,10273.333333333334
1729.0,502983.0,708744.0,5961.666666666668,6165.0
1467.0,392468.0,2867362.0000000005,13641.666666666664,20733.33333333333
494.0,5958778.0,3821522.0,2088.333333333333,2071.6666666666665
430.0,4617015.0,903751.0,1096.6666666666667,1066.6666666666667
370.0,874.0,11649.0,143666.66666666663,146750.0
6627.0,2877816.0,15444736.999999998,2159.1666666666665,2637.5
2131.0,1979557.0,5481432.0,4128.333333333333,4260.833333333333
1362.0,4707062.0,578443.0,1271.6666666666667,1267.5
304.0,143304.0,117831.0,3060.0,2854.166666666666
1083.0,101634.0,44235.0,50475.0,49766.66666666666
1976.0,441797.0,384789.0,17983.333333333332,16883.333333333332
1248.0,9089604.0,29824398.0,66300.0,65633.33333333331
2359.0,306138.0,1912086.0,3695.833333333334,3660.0
559.0,285372.0,174504.0,15844.666666666664,16081.166666666664
91.0,1820041.0,2636398.9999999995,35446.833333333336,44401.66666666666
182.0,3619353.0,2316532.0,1844.166666666667,1715.833333333333
2439.0,63093.0,71585.00000000001,8845.0,8496.666666666666
516.0,10956280.0,4028358.0,4568.333333333333,4136.666666666667
13177.0,26137.0,16269.0,7556.666666666668,7461.666666666668
5408.0,171585.0,446563.00000000006,9133.333333333334,9591.666666666666
302.0,18044.0,64378.0,2418.333333333333,2426.6666666666665
16681.0,163625.0,192975.0,39275.0,41050.0
562.0,166907.0,659022.0,4348.333333333333,4411.666666666667
185.0,147728.0,103795.0,5161.666666666667,5165.0
893.0,128405.0,685530.0,3398.333333333333,3395.833333333333
6327.0,6397474.0,4093241.000000002,13616.666666666664,14250.0
906.0,1998021.0,375185.00000000006,17916.666666666668,14591.666666666664
2066.0,683263.0,325086.0,7020.0,7118.333333333332
5076.0,6397474.0,4093241.000000002,13616.666666666664,14250.0
289.0,178766.0,293871.0,8746.666666666666,8455.0
4456.0,3954199.0,3128034.0,6425.0,5595.0
1717.0,170563.0,65306.0,71033.33333333331,70683.33333333331
822.0,25221.0,12358.0,5661.666666666668,5546.666666666668
1895.0,46768.0,59010.0,16950.0,16716.666666666668
2533.0,57942.0,92369.0,33383.333333333336,33875.0
967.0,315596.0,2103288.0,2249.1666666666665,2153.333333333333
6627.0,4245735.0,1830856.0,6661.666666666668,6816.666666666668
1351.0,51761.0,75410.00000000001,838.1666666666665,836.6666666666665
37.0,20170881.0,14108454.0,7306.666666666668,7253.333333333332
8406.0,1474279.0,2100459.0,5755.0,5826.666666666668
2440.0,690256.0,166663.00000000006,224121.66666666663,197836.83333333328
779.0,187084.0,1934645.0,1784.166666666667,1932.5
432.0,226164.0,821544.0,6256.666666666668,6546.666666666668
529.0,625899.0,468583.00000000006,130083.33333333331,125166.66666666669
632.0,318264.0,47358.0,17941.666666666668,16875.0
875.0,3926750.0,1059413.0000000002,9681.666666666666,10003.333333333334
779.0,4002100.0,7536705.0,4030.0,4262.5
1148.0,5875.0,12093.0,97900.0,93066.66666666669
1270.0,25315.0,24150.0,2043.333333333333,2067.5
253.0,30138.0,44134.0,2242.5,2343.333333333333
678.0,6095131.0,13603332.0,4190.833333333333,4045.833333333334
11325.0,69377.0,187179.0,24791.66666666667,24883.33333333333
602.0,2955207.0,2631318.0,20800.0,25483.33333333333
10206.0,490694.0,3190164.0,30134.16666666667,38516.66666666666
1166.0,84293.0,27698.0,18966.666666666668,19200.0
193.0,1009606.0,2951196.0,7466.666666666668,8075.0
110.0,400573.0,1466658.0,3615.833333333334,3666.666666666666
2922.0,2425118.0,2880238.0000000005,15783.333333333336,19191.666666666668
910.0,1056452.0,428388.0,4985.833333333333,4902.5
28601.0,176920.0,59120.0,48983.33333333334,49766.66666666666
181.0,271664.0,723624.0,3404.166666666666,3405.833333333333
862.0,37690.0,34324.00000000001,30250.0,29183.33333333333
6627.0,898477.0,250217.0,3232.5,3222.5
1043.0,3849200.0,10214176.999999998,3675.0,4425.0
952.0,35960.0,26356.0,143500.0,145500.0
722.0,1423877.0,723802.0000000001,15016.666666666664,15425.0
0.0,4343836.0,4151244.0,5915.0,5230.0
535.0,1662209.0,2273524.9999999995,2240.833333333333,2257.5
1679.0,4345459.0,25497786.0,7488.333333333332,11341.666666666664
449.0,779001.0,10416532.999999998,2070.0,2451.6666666666665
35.0,106381.0,72000.99999999999,181333.16666666663,184344.16666666663
1872.0,1494323.0,958475.0,11366.666666666664,11300.0
724.0,47047.0,103527.0,7211.666666666668,7373.333333333332
238.0,5821001.0,8657292.0,8985.0,11516.666666666664
2298.0,15332.0,6862.0,27666.66666666667,27683.33333333333
78.0,8485982.0,988790.0,9160.0,9358.333333333334
1043.0,29560.0,64000.0,26825.0,28741.66666666667
1830.0,104666.0,202067.0,169166.66666666663,186000.0
632.0,5821001.0,8657292.0,8985.0,11516.666666666664
4365.0,503005.0,459019.00000000006,11991.666666666664,12358.333333333336
336.0,332978.0,1499496.0,3730.0,3935.833333333334
115.0,1574994.0,562371.0,27208.33333333333,27050.0
84.0,2159352.0,3146160.0,3755.833333333334,4256.666666666667
0.0,248601.0,133612.0,10341.666666666666,10358.333333333334
0.0,280951.0,193715.0,1275.0,1286.6666666666667
1953.0,388278.0,3065986.0000000005,5073.333333333333,5160.0
755.0,34044.0,50185.0,402416.66666666674,417916.66666666674
1088.0,19747451.0,16173931.999999998,2763.333333333333,2888.166666666666
481.0,4953479.0,1838858.0,4786.666666666667,4823.333333333333
0.0,81147.0,119518.0,885166.6666666665,906000.0
1161.0,35949.0,73588.0,4101.666666666667,4147.5
264.0,568318.0,298221.0,14741.666666666664,14658.333333333336
0.0,262821.0,65091.0,18083.33333333333,18100.0
2556.0,5147503.0,7962106.999999997,2643.333333333333,3380.0
2365.0,490337.0,3126187.0000000005,4633.333333333333,5015.0
264.0,447810.0,9484816.000000002,4561.666666666667,6353.333333333332
826.0,132076.0,31016.0,9303.333333333334,9230.0
0.0,416679.0,3354053.0000000014,2251.6666666666665,2426.6666666666665
1102.0,36228.0,31877.0,3599.166666666666,3607.5
2155.0,2279439.0,20417331.0,6310.0,8353.333333333334
51906.0,121087.0,105334.0,709833.3333333335,702000.0
146.0,8410830.0,3912786.0,5000.0,4470.833333333333
1280.0,1739776.0,3468486.0,7331.666666666668,8080.0
847.0,158489.0,81345.99999999999,19633.33333333333,19550.0
2123.0,330309.0,384701.0,2931.666666666666,2997.5
192.0,46637.0,230430.0,13941.666666666664,14341.666666666664
481.0,187420.0,73446.0,2514.1666666666665,2544.1666666666665
795.0,2887675.0,5734542.0,1778.333333333333,1805.833333333333
238.0,3245.0,3925.0,91048.83333333331,93150.0
727.0,79549.0,113594.0,43941.66666666666,50933.33333333334
668.0,737836.0,174546.0,9113.333333333334,8630.0
43.0,198095.0,49728.0,36658.333333333336,35050.0
1660.0,12436.0,43113.0,178866.66666666663,192750.0
87.0,2808473.0,3997205.000000002,105166.66666666669,134450.0
0.0,4143764.0,93911700.0,2448.333333333333,3424.166666666666
4096.0,268618.0,1778976.0,1537.5,1640.833333333333
565.0,2825517.0,1390875.9999999998,9648.333333333334,9945.0
275.0,134902.0,379103.00000000006,7920.0,8503.333333333334
1197.0,189340.0,63529.0,26883.33333333333,25800.0
10166.0,5709.0,5543.000000000001,121150.0,120450.0
559.0,1329.0,4022.0,8628.333333333334,8703.333333333334
911.0,12327201.0,21407998.0,1935.0,2415.833333333333
515.0,40444.0,65994.0,16925.0,16304.166666666664
226.0,74292.0,27744447.0,2570.833333333333,3537.5
0.0,515502.0,1305519.0,31666.66666666667,33816.666666666664
0.0,5041172.0,10405128.0,705.1666666666665,644.3333333333334
4096.0,166418.0,84380.00000000001,3544.166666666666,3531.666666666666
601.0,290751.0,404893.00000000006,14075.0,14516.666666666664
91.0,90810.0,584910.0,100250.0,112250.0
1127.0,24655492.0,6131431.0,473.5,468.5
304.0,2264772.0,950573.0,8276.666666666666,8153.333333333332
1457.0,1369608.0,1460065.9999999998,1115.0,1104.1666666666667
208.0,4318868.0,258359.0,1420.833333333333,1288.3333333333333
290.0,6232024.0,1919780.0,15250.0,12000.0
304.0,383040.0,500997.0,94066.66666666669,104500.0
15132.0,102925.0,35206.00000000001,12466.666666666664,12483.333333333336
709.0,444599.0,170215.00000000006,222116.66666666663,212133.33333333328
0.0,45480.0,306186.0,27108.33333333333,29858.33333333333
16.0,2158119.0,6384805.000000003,10191.666666666666,12441.666666666664
652.0,52946.0,33622.00000000001,214500.0,209083.33333333328
821.0,1432046.0,235871.0,8041.666666666668,7938.333333333332
171.0,411871.0,2461441.0000000005,9620.0,10758.333333333334
1127.0,879559.0,196294.0,18000.0,18233.33333333333
432.0,74184.0,590850.0,6053.333333333332,6018.333333333332
170.0,3546257.0,13579432.999999998,397.66666666666674,451.0
499.0,2555881.0,366609.0,699.6666666666665,694.0
1709.0,150198.0,558625.0000000001,4084.0,4350.333333333333
37.0,261501.0,268230.99999999994,62583.33333333334,58650.0
1400.0,120944.0,108858.0,46116.66666666666,45050.0
1058.0,967835.0,4298934.0,4880.833333333333,4905.0
1151.0,14330921.0,121710768.0,4763.333333333333,5231.666666666667
2822.0,21201.0,6976432.999999997,1707.5,2055.0
2798.0,3957237.0,1703430.0,18991.666666666668,16983.333333333332
87.0,2977168.0,3315680.0000000014,47800.0,48233.33333333334
1188.0,22920.0,58113.0,23250.0,23875.0
0.0,2955207.0,2631318.0,20800.0,25483.33333333333
620.0,322928.0,1235808.0,9096.666666666666,9065.0
631.0,1550586.0,1375638.0,15975.0,16641.666666666668
0.0,199182.0,942329.0,8193.333333333334,8578.333333333334
582.0,434128.0,53255.0,7216.666666666668,7240.0
290.0,14515194.0,22775022.0,5861.666666666668,5196.666666666667
93.0,76169.0,21472107.0,4047.5,4898.333333333333
779.0,64935.0,315141.0,46350.0,51650.0
140.0,64935.0,315141.0,46350.0,51650.0
1302.0,582650.0,795036.0,1709.166666666667,1732.5
19339.0,222565.0,106673.0,116633.33333333331,112300.0
647.0,411309.0,50139438.0,2825.833333333333,3512.5
666.0,485665.0,5041902.0,1136.6666666666667,1129.1666666666667
1223.0,8080688.0,55753746.0,1045.8333333333333,1142.5
715.0,28100.0,186448.00000000003,2520.833333333333,2558.333333333333
337.0,249404.0,247362.0,3005.0,2895.0
574.0,14007.0,40654.99999999999,1498.333333333333,1500.0
0.0,2324538.0,4981671.999999999,5978.333333333332,6475.0
2295.0,34115.0,53280.0,3065.0,3010.5
847.0,389890.0,1082058.0,18791.666666666668,19600.0
102.0,227434.0,1191840.0,6828.333333333332,6830.0
398.0,9412713.0,1449021.0,9506.666666666666,10083.333333333334
113.0,9560.0,67938.0,3331.666666666666,3460.0
4096.0,23308.0,59483.0,46650.0,49091.66666666666
0.0,1335488.0,6932838.0,8700.0,11400.0
2123.0,20768.0,87863.0,3818.333333333334,3989.166666666666
875.0,246542.0,724687.0000000001,23106.5,27703.66666666667
51906.0,55580.0,50523.0,431750.0,430083.33333333326
1678.0,468672.0,1501924.9999999998,42466.66666666666,53483.33333333334
0.0,312449.0,313746.0,5668.333333333332,5578.333333333332
974.0,770182.0,261501.0,65116.66666666666,62583.33333333334
623.0,69659.0,46111.99999999999,398416.66666666674,396666.66666666674
47.0,11133614.0,11975959.000000002,3753.333333333334,4655.833333333333
2019.0,144127.0,96629.0,156666.66666666663,157416.66666666663
6433.0,3416132.0,16612272.0,5655.0,4776.666666666667
1153.0,42943.0,140073.0,1732.5,1728.333333333333
1627.0,1171558.0,311073.0,10783.333333333334,10458.333333333334
116.0,97513.0,71231.00000000001,138500.0,140166.66666666663
1188.0,74410.0,95102.0,3460.833333333333,3547.5
304.0,559454.0,264303.0,52433.33333333334,52050.0
146.0,5081877.0,5592198.0,3489.5,4204.0
410.0,46931.0,267768.0,9905.0,9828.333333333334
6916.0,57314.0,42322.99999999999,29608.33333333333,29383.33333333333
0.0,85216.0,90565.0,5891.666666666668,5781.666666666668
0.0,578825.0,936596.0,812.0,829.3333333333335
629.0,40232.0,2182902.0,30883.33333333333,32116.66666666667
6327.0,2317337.0,519826.00000000006,9895.0,9913.333333333334
1188.0,39806.0,73422.99999999999,6955.0,7140.0
143.0,30031.0,25137.0,91850.0,91366.66666666669
340.0,32352543.0,222190164.0,1178.3333333333333,1315.0
21471.0,188382.0,256973.0,2348.333333333333,2401.6666666666665
484.0,3417081.0,1075212.0,4432.5,3746.666666666666
490.0,367187.0,286289.0000000001,341493.5,336829.0
140.0,9516037.0,1955523.0,20550.0,18833.33333333333
