업로드 시간,해당일 평균 주가,다음날 평균 주가,influence,주가 변화율,라벨,influence_score
2020-12-29 07:09:48+00:00,2154.1666666666665,2433.333333333333,293.0,0.12959381044487422,1,0.3
2020-06-22 12:15:12+00:00,5333.333333333333,7061.666666666668,1332.0,0.3240625000000003,1,0.9
2019-04-23 08:06:27+00:00,74483.33333333331,73733.33333333331,1387.0,-0.010069366748713362,0,0.9
2020-08-24 06:29:42+00:00,21066.666666666668,21616.666666666668,11951.0,0.026107594936708858,0,0.9
2020-12-16 03:55:45+00:00,352786.5,343539.33333333326,682.0,-0.02621179287378271,0,0.7
2021-01-24 15:27:55+00:00,22150.0,22566.66666666667,432.0,0.018811136192626254,0,0.5
2020-01-29 22:38:15+00:00,1435.833333333333,1548.333333333333,191.0,0.07835171213000583,1,0.2
2020-11-24 07:26:06+00:00,2313.333333333333,2462.5,516.0,0.06448126801152752,1,0.6
2021-01-21 09:48:35+00:00,1396.666666666667,1495.0,905.0,0.07040572792362745,1,0.8
2019-12-08 06:33:09+00:00,5161.666666666667,5165.0,386.0,0.0006457862447529281,0,0.4
2020-09-06 08:34:27+00:00,815333.3333333335,815500.0,216.0,0.0002044153720357867,0,0.3
2019-04-17 01:00:02+00:00,3359.166666666666,3399.166666666666,821.0,0.011907715207144629,0,0.8
2020-07-01 02:36:28+00:00,2763.333333333333,2888.166666666666,96.0,0.04517490952955357,1,0.1
2020-11-23 17:13:50+00:00,21741.666666666668,16991.666666666668,163.0,-0.21847451130701415,1,0.2
2020-12-17 10:17:30+00:00,7631.666666666668,9115.0,374.0,0.1943655820048044,1,0.4
2020-11-05 12:48:10+00:00,4339.166666666667,4226.666666666667,163.0,-0.025926637219128097,0,0.2
2020-10-19 01:38:14+00:00,2138.333333333333,2009.166666666667,368.0,-0.06040530007794205,1,0.4
2021-01-28 05:35:29+00:00,3725.0,3704.166666666666,38.0,-0.005592841163311125,0,0.1
2021-01-28 10:18:30+00:00,1655.833333333333,1738.333333333333,183.0,0.049823855057876204,1,0.2
2020-08-04 09:46:45+00:00,40650.0,61050.0,374.0,0.5018450184501845,1,0.4
2020-07-07 08:26:18+00:00,869.8333333333335,833.8333333333335,5.0,-0.041387238934661806,1,0
2020-10-21 04:55:16+00:00,5050.0,5128.333333333333,368.0,0.015511551155115454,0,0.4
2020-07-21 10:31:30+00:00,29608.33333333333,29383.33333333333,604.0,-0.00759921193357726,0,0.7
2020-07-06 08:21:15+00:00,1500.0,1731.666666666667,5.0,0.15444444444444466,1,0
2019-02-27 13:30:49+00:00,1812.5,2085.833333333333,484.0,0.15080459770114926,1,0.6
2020-07-27 13:25:51+00:00,3608.333333333334,3470.0,28.0,-0.03833718244803711,0,0
2020-10-20 05:08:33+00:00,6370.0,6891.666666666668,368.0,0.08189429618001065,1,0.4
2021-01-25 13:21:01+00:00,44058.33333333334,43866.66666666666,278.0,-0.00435029317193159,0,0.3
2021-01-17 16:01:40+00:00,90333.33333333331,86516.66666666669,154.0,-0.042250922509224666,1,0.2
2020-11-15 15:45:21+00:00,144333.33333333337,154083.33333333337,313.0,0.06755196304849882,1,0.3
2020-10-07 04:25:41+00:00,26416.5,26987.33333333333,472.0,0.021608969141760963,0,0.5
2020-07-02 02:39:28+00:00,18791.666666666668,19600.0,96.0,0.04301552106430148,1,0.1
2020-09-02 14:34:41+00:00,19791.666666666668,22125.0,484.0,0.1178947368421052,1,0.6
2019-12-17 14:32:10+00:00,2597.333333333333,2858.166666666666,484.0,0.1004235112936344,1,0.6
2020-08-06 09:39:48+00:00,2678.333333333333,2659.1666666666665,28.0,-0.007156191661480966,0,0
2020-11-17 07:35:59+00:00,2730.833333333333,2426.6666666666665,293.0,-0.1113823619163869,1,0.3
2020-02-13 05:57:49+00:00,8021.666666666668,9758.333333333334,820.0,0.216496987325992,1,0.8
2020-10-21 04:55:16+00:00,5050.0,5128.333333333333,368.0,0.015511551155115454,0,0.4
2020-07-20 11:01:55+00:00,2643.333333333333,3380.0,287.0,0.2786885245901641,1,0.3
2020-12-14 15:23:21+00:00,24533.33333333333,23691.66666666667,163.0,-0.034307065217390915,0,0.2
2021-01-27 02:12:43+00:00,3753.333333333334,4655.833333333333,687.0,0.2404529307282413,1,0.7
2020-09-02 22:16:02+00:00,739500.0,764833.3333333335,1171.0,0.0342573811133651,0,0.8
2020-08-13 03:49:26+00:00,30416.66666666667,30358.33333333333,682.0,-0.0019178082191784011,0,0.7
2020-06-22 12:15:12+00:00,5074.166666666667,7101.666666666668,1332.0,0.3995730004926919,1,0.9
2020-10-25 00:00:02+00:00,7556.666666666668,7461.666666666668,853.0,-0.012571680635200705,0,0.8
2021-02-02 15:11:56+00:00,22391.66666666667,22975.0,104.0,0.0260513583922588,0,0.1
2020-07-28 23:15:34+00:00,143333.33333333337,144583.33333333337,517.0,0.008720930232558138,0,0.6
2019-12-29 08:59:13+00:00,25633.33333333333,26008.33333333333,131.0,0.014629388816644997,0,0.2
2020-12-16 09:17:55+00:00,8126.666666666668,10083.333333333334,374.0,0.2407711238720261,1,0.4
2020-05-07 00:17:20+00:00,2605.0,2730.833333333333,190.0,0.04830454254638504,1,0.2
2020-08-06 15:05:45+00:00,24458.33333333333,25116.66666666667,471.0,0.026916524701874337,0,0.5
2021-01-25 22:03:29+00:00,8115.0,8083.333333333332,472.0,-0.0039022386527009095,0,0.5
2020-05-26 15:21:28+00:00,178866.66666666663,192750.0,484.0,0.07761833768169983,1,0.6
2020-12-16 15:47:38+00:00,25483.33333333333,25533.33333333333,33.0,0.0019620667102681496,0,0
2019-03-25 14:04:47+00:00,2754.166666666666,3449.166666666666,484.0,0.2523449319213314,1,0.6
2021-01-07 10:00:11+00:00,15491.666666666664,15758.333333333336,1424.0,0.01721355567509445,0,0.9
2020-05-18 09:34:28+00:00,1387.333333333333,1471.833333333333,368.0,0.060908217203267674,1,0.4
2021-02-03 10:35:36+00:00,3897.5,4025.0,49.0,0.0327132777421424,0,0.1
2020-08-06 12:17:39+00:00,57133.33333333334,57316.66666666666,358.0,0.0032088681446904416,0,0.3
2020-02-11 08:14:50+00:00,2617.5,3147.5,5.0,0.20248328557784145,1,0
2020-08-25 08:46:44+00:00,27708.33333333333,34033.333333333336,1387.0,0.2282706766917296,1,0.9
2020-09-22 12:10:13+00:00,29882.83333333333,29161.16666666667,2141.0,-0.02414987423102418,0,0.9
2020-12-01 08:08:24+00:00,2966.666666666666,3102.5,368.0,0.0457865168539328,1,0.4
2020-10-25 00:00:02+00:00,30408.33333333333,29666.66666666667,853.0,-0.02439024390243871,0,0.8
2019-11-28 08:52:46+00:00,1497.5,1594.166666666667,400.0,0.06455203116304974,1,0.5
2021-01-27 22:17:54+00:00,24416.66666666667,23616.66666666667,472.0,-0.03276450511945392,0,0.5
2020-04-22 10:43:01+00:00,2570.833333333333,3537.5,300.0,0.37601296596434375,1,0.3
2020-04-27 08:29:25+00:00,5191.666666666667,5183.333333333333,365.0,-0.0016051364365972276,0,0.3
2020-12-07 06:00:10+00:00,28716.66666666667,29891.66666666667,11951.0,0.04091700522344747,1,0.9
2020-12-01 19:21:37+00:00,1895.833333333333,1806.666666666667,334.0,-0.04703296703296672,1,0.3
2021-01-06 12:02:43+00:00,8078.333333333332,8530.0,59.0,0.055910872704766,1,0.1
2020-08-11 13:53:59+00:00,26883.33333333333,25800.0,471.0,-0.04029758214507112,1,0.5
2021-01-17 11:03:44+00:00,58433.33333333334,58466.66666666666,126.0,0.0005704506560179223,0,0.2
2020-02-10 23:16:11+00:00,1296.6666666666667,1290.8333333333333,368.0,-0.004498714652956415,0,0.4
2021-02-03 09:49:22+00:00,1185.0,1196.6666666666667,47.0,0.00984528832630105,0,0.1
2019-05-22 01:25:06+00:00,5293.333333333333,5603.333333333332,820.0,0.058564231738035086,1,0.8
2020-05-14 10:24:25+00:00,251590.83333333328,241118.16666666663,1332.0,-0.041625787902977364,1,0.9
2021-01-18 09:45:58+00:00,1906.666666666667,1733.333333333333,1413.0,-0.09090909090909123,1,0.9
2020-06-23 08:04:18+00:00,2720.0,2663.333333333333,5.0,-0.020833333333333443,0,0
2020-09-01 14:18:22+00:00,10166.666666666666,10183.333333333334,905.0,0.0016393442622952017,0,0.8
2019-12-22 14:27:51+00:00,30108.33333333333,29975.0,484.0,-0.00442845280929959,0,0.6
2021-02-01 09:35:59+00:00,31766.66666666667,32900.0,6293.0,0.035676810073452095,0,0.9
2021-01-25 09:06:15+00:00,790333.3333333335,794166.6666666665,20.0,0.004850274145929594,0,0
2018-12-04 18:26:10+00:00,3310.833333333333,2924.166666666666,466.0,-0.11678832116788332,1,0.5
2020-12-07 14:47:26+00:00,78000.0,86266.66666666669,369.0,0.10598290598290623,1,0.4
2020-05-14 10:24:25+00:00,9293.333333333334,8766.666666666666,1332.0,-0.056671449067431975,1,0.9
2020-12-17 16:21:01+00:00,73466.66666666669,73333.33333333331,35.0,-0.0018148820326684047,0,0
2019-12-29 08:59:13+00:00,2034.166666666667,2041.666666666667,131.0,0.003687013519049569,0,0.2
2019-11-07 08:43:11+00:00,20391.666666666668,20291.666666666668,973.0,-0.004903964037597058,0,0.8
2020-09-07 06:45:41+00:00,65116.66666666666,62583.33333333334,1252.0,-0.038904530330176317,0,0.9
2018-12-03 10:27:53+00:00,1758.333333333333,2285.0,973.0,0.2995260663507111,1,0.8
2020-10-21 09:02:06+00:00,3940.0,4183.333333333333,5.0,0.06175972927241955,1,0
2020-08-04 10:01:13+00:00,8240.0,8493.333333333334,28.0,0.030744336569579363,0,0
2020-05-26 08:21:42+00:00,1171.6666666666667,1378.333333333333,5.0,0.17638691322901814,1,0
2021-01-18 00:32:11+00:00,6213.333333333332,5971.666666666668,25.0,-0.03889484978540735,0,0
2021-01-28 05:35:29+00:00,3404.166666666666,3405.833333333333,38.0,0.0004895960832314233,0,0.1
2020-08-13 03:49:26+00:00,34683.333333333336,34475.0,682.0,-0.00600672753483909,0,0.7
2020-01-30 12:42:57+00:00,24266.66666666667,24633.33333333333,6.0,0.01510989010988971,0,0
2021-01-19 10:24:18+00:00,3008.333333333333,3237.5,905.0,0.07617728531855966,1,0.8
2019-12-17 14:32:10+00:00,23691.66666666667,24091.66666666667,484.0,0.01688357368976433,0,0.6
2020-06-23 10:48:09+00:00,1504.0,1479.333333333333,604.0,-0.016400709219858357,0,0.7
2021-02-02 08:18:09+00:00,360500.0,351416.66666666674,99.0,-0.02519648636153469,0,0.1
2020-11-03 05:21:01+00:00,11666.666666666664,11733.333333333336,472.0,0.005714285714286132,0,0.5
2020-10-21 09:02:06+00:00,8700.0,11400.0,5.0,0.3103448275862069,1,0
2020-10-19 05:47:41+00:00,3675.0,3552.5,472.0,-0.03333333333333333,0,0.5
2021-01-25 06:50:31+00:00,86866.66666666669,88666.66666666669,705.0,0.020721412125863387,0,0.8
2020-07-27 15:16:06+00:00,1680.833333333333,2057.5,408.0,0.22409519087754112,1,0.5
2020-12-01 08:08:24+00:00,2209.1666666666665,2317.0,368.0,0.048811769143719416,1,0.4
2020-06-11 07:52:37+00:00,98566.66666666669,93050.0,96.0,-0.05596888738586424,1,0.1
2020-10-28 08:00:09+00:00,5765.0,5835.0,438.0,0.012142237640936688,0,0.5
2020-08-27 08:17:28+00:00,2883.333333333333,2988.333333333333,5.0,0.03641618497109827,0,0
2020-07-22 12:51:24+00:00,23466.66666666667,24216.66666666667,190.0,0.031960227272727265,0,0.2
2020-07-22 12:51:24+00:00,2020.0,2010.0,190.0,-0.0049504950495049506,0,0.2
2020-07-14 10:26:46+00:00,13916.666666666664,12258.333333333336,721.0,-0.11916167664670625,1,0.8
2020-08-13 12:32:54+00:00,117000.0,115250.0,358.0,-0.01495726495726496,0,0.3
2020-10-07 08:09:14+00:00,4050.833333333334,4035.833333333334,391.0,-0.003702941781526434,0,0.5
2020-04-20 08:32:47+00:00,2038.333333333333,3054.333333333333,504.0,0.4984464431725266,1,0.6
2019-12-22 14:27:51+00:00,2957.5,3194.166666666666,484.0,0.0800225415610029,1,0.6
2019-12-16 10:52:54+00:00,2557.5,2569.1666666666665,368.0,0.004561746497230309,0,0.4
2021-02-04 07:52:34+00:00,8633.333333333334,14400.0,5.0,0.6679536679536678,1,0
2021-02-02 02:03:30+00:00,3912.5,4497.5,687.0,0.14952076677316295,1,0.7
2021-01-27 09:12:51+00:00,7700.0,11025.0,5.0,0.4318181818181818,1,0
2019-12-05 01:53:55+00:00,2717.5,2296.6666666666665,14.0,-0.1548604722477768,1,0
2020-07-20 07:40:34+00:00,2552.5,2616.6666666666665,5.0,0.0251387528566764,0,0
2021-01-19 03:49:27+00:00,5210.0,5833.333333333332,418.0,0.11964171465131135,1,0.5
2020-12-22 23:33:18+00:00,758.5,1206.6666666666667,517.0,0.5908591518347617,1,0.6
2020-07-21 12:39:16+00:00,11516.666666666664,10516.666666666666,162.0,-0.08683068017366123,1,0.2
2020-07-26 13:29:25+00:00,46650.0,49091.66666666666,28.0,0.05234012147195406,1,0
2021-01-28 05:35:29+00:00,49550.0,49558.33333333334,38.0,0.0001681802892702933,0,0.1
2020-12-22 23:35:23+00:00,53566.66666666666,54816.66666666666,517.0,0.023335407591785942,0,0.6
2019-06-11 05:54:03+00:00,26391.66666666667,27325.0,504.0,0.03536469845279425,0,0.6
2020-06-08 11:26:08+00:00,10183.333333333334,11900.0,149.0,0.16857610474631746,1,0.2
2020-07-01 08:15:34+00:00,13791.666666666664,13841.666666666664,1252.0,0.003625377643504532,0,0.9
2018-12-03 10:27:53+00:00,4482.5,5226.666666666667,973.0,0.16601598810187773,1,0.8
2021-01-17 11:03:44+00:00,226750.0,205666.66666666663,126.0,-0.09298052186696083,1,0.2
2021-02-02 13:53:45+00:00,1270.8333333333333,1289.1666666666667,21.0,0.014426229508196841,0,0
2020-09-03 14:16:28+00:00,2364.1666666666665,2213.333333333333,46.0,-0.06379978850898843,1,0.1
2021-01-05 08:16:44+00:00,57616.66666666666,80750.0,5.0,0.4015041943881981,1,0
2019-11-20 00:43:09+00:00,2824.166666666666,2852.5,494.0,0.010032457952198506,0,0.6
2020-04-21 07:00:14+00:00,11191.666666666664,10725.0,365.0,-0.04169769173492161,1,0.3
2020-12-14 06:29:49+00:00,3065.0,2985.0,368.0,-0.026101141924959215,0,0.4
2021-01-05 12:27:58+00:00,8846.666666666666,9413.333333333334,33.0,0.06405425772419003,1,0
2019-12-26 08:21:21+00:00,2881.666666666666,3133.333333333333,48.0,0.0873337189126664,1,0.1
2021-01-25 13:33:16+00:00,17666.666666666668,17433.333333333332,471.0,-0.013207547169811457,0,0.5
2020-07-26 13:29:25+00:00,46650.0,49091.66666666666,28.0,0.05234012147195406,1,0
2021-01-19 03:49:27+00:00,55066.66666666666,55116.66666666666,418.0,0.0009079903147699759,0,0.5
2020-10-26 03:07:20+00:00,8098.333333333332,7753.333333333332,682.0,-0.04260135830417782,1,0.7
2020-02-20 07:19:17+00:00,8718.333333333334,13516.666666666664,504.0,0.5503727776715729,1,0.6
2019-12-04 06:12:04+00:00,1498.333333333333,1500.0,557.0,0.001112347052280514,0,0.6
2020-05-07 10:11:01+00:00,8273.333333333334,12191.666666666664,1332.0,0.4736099919419819,1,0.9
2021-01-21 09:48:35+00:00,13025.0,15316.666666666664,905.0,0.17594369801663448,1,0.8
2020-08-06 09:39:48+00:00,62833.33333333334,60933.33333333334,28.0,-0.030238726790450924,0,0
2019-06-24 07:14:45+00:00,5770.0,6755.0,504.0,0.1707105719237435,1,0.6
2020-09-14 09:15:01+00:00,9173.333333333334,9431.666666666666,438.0,0.028161337209302188,0,0.5
2020-12-20 23:53:03+00:00,10275.0,9820.0,323.0,-0.044282238442822384,1,0.3
2019-06-18 14:27:21+00:00,31575.0,34050.0,484.0,0.07838479809976248,1,0.6
2020-09-02 22:16:02+00:00,454750.0,453833.33333333326,1171.0,-0.0020157595748581517,0,0.8
2019-12-22 14:27:51+00:00,4985.833333333333,4902.5,484.0,-0.016714023065351767,0,0.6
2020-12-20 23:53:03+00:00,10741.666666666666,10866.666666666666,323.0,0.011636927851047323,0,0.3
2021-01-25 13:33:16+00:00,44058.33333333334,43866.66666666666,471.0,-0.00435029317193159,0,0.5
2019-12-17 14:32:10+00:00,16250.0,16675.0,484.0,0.026153846153846156,0,0.6
2021-01-11 21:15:00+00:00,4095.0,3986.666666666666,134.0,-0.026455026455026603,0,0.2
2019-04-17 01:00:02+00:00,3359.166666666666,3399.166666666666,821.0,0.011907715207144629,0,0.8
2020-10-22 21:36:38+00:00,2690.833333333333,3137.5,250.0,0.16599566429235071,1,0.3
2021-01-24 15:27:55+00:00,6788.333333333332,6768.333333333332,432.0,-0.002946231279155414,0,0.5
2020-06-29 13:15:00+00:00,40091.66666666666,42458.333333333336,4168.0,0.05903138640615287,1,0.9
2020-07-14 10:06:54+00:00,13916.666666666664,12258.333333333336,2522.0,-0.11916167664670625,1,0.9
2021-01-27 09:03:11+00:00,45658.33333333334,42741.66666666666,604.0,-0.0638802701222855,1,0.7
2020-02-11 08:14:50+00:00,716.3333333333335,699.5,5.0,-0.023499302000930877,0,0
2020-05-18 06:47:03+00:00,6640.0,6680.0,11951.0,0.006024096385542169,0,0.9
2020-12-20 12:11:47+00:00,4047.5,4898.333333333333,18.0,0.21021206506073697,1,0
2021-01-25 13:33:16+00:00,22200.0,21558.33333333333,471.0,-0.028903903903904123,0,0.5
2020-12-20 23:53:03+00:00,15958.333333333336,15683.333333333336,323.0,-0.017232375979112268,0,0.3
2020-04-20 12:28:51+00:00,122000.0,111250.0,443.0,-0.08811475409836066,1,0.5
2020-12-22 23:12:05+00:00,82033.33333333331,86633.33333333331,96.0,0.0560747663551402,1,0.1
2020-04-22 12:59:16+00:00,2839.166666666666,3570.833333333333,1266.0,0.2577047255650134,1,0.9
2020-06-17 06:00:37+00:00,14075.0,14516.666666666664,11951.0,0.031379514505624456,0,0.9
2020-03-10 12:35:35+00:00,17916.666666666668,14591.666666666664,323.0,-0.1855813953488374,1,0.3
2020-01-29 05:15:50+00:00,6228.333333333332,6498.333333333332,808.0,0.043350280974043365,1,0.8
2020-05-26 15:21:28+00:00,6110.0,6231.666666666668,484.0,0.0199127114020733,0,0.6
2021-01-28 15:47:39+00:00,137333.33333333337,141750.0,432.0,0.03216019417475699,0,0.5
2020-10-22 05:05:09+00:00,4183.333333333333,4159.166666666667,472.0,-0.00577689243027874,0,0.5
2020-06-18 09:13:17+00:00,8776.666666666666,9076.666666666666,1387.0,0.034181541967337636,0,0.9
2020-09-23 04:15:38+00:00,1297.5,1265.0,682.0,-0.02504816955684008,0,0.7
2020-12-07 12:04:28+00:00,2323.333333333333,2571.6666666666665,163.0,0.10688665710186522,1,0.2
2020-12-16 10:07:04+00:00,8126.666666666668,10083.333333333334,119.0,0.2407711238720261,1,0.2
2021-01-25 13:21:01+00:00,46116.66666666666,45050.0,278.0,-0.023129743404408903,0,0.3
2020-05-26 08:21:42+00:00,2803.333333333333,3195.0,5.0,0.13971462544589786,1,0
2020-09-10 08:20:10+00:00,29000.0,26658.33333333333,721.0,-0.08074712643678178,1,0.8
2020-09-07 01:04:59+00:00,27766.66666666667,27733.33333333333,682.0,-0.00120048019207718,0,0.7
2020-08-04 09:46:45+00:00,122416.66666666669,135250.0,374.0,0.10483321987746748,1,0.4
2020-07-20 11:32:19+00:00,8985.0,11516.666666666664,300.0,0.2817659061398625,1,0.3
2020-07-26 13:29:25+00:00,59666.66666666666,66650.0,28.0,0.11703910614525158,1,0
2019-11-04 04:20:31+00:00,7626.666666666668,7046.666666666668,368.0,-0.07604895104895104,1,0.4
2020-07-21 10:31:30+00:00,23991.66666666667,23466.66666666667,604.0,-0.021882598124348732,0,0.7
2020-12-08 09:30:08+00:00,6323.333333333332,8051.666666666668,256.0,0.2733263046916188,1,0.3
2021-01-20 23:22:26+00:00,102483.33333333331,108983.33333333331,6432.0,0.06342494714587739,1,0.9
2020-07-28 11:58:07+00:00,765833.3333333335,756666.6666666665,300.0,-0.01196953210010922,0,0.3
2019-12-17 14:32:10+00:00,1001.0,1235.0,484.0,0.23376623376623376,1,0.6
2020-03-02 09:59:44+00:00,10758.333333333334,11200.0,368.0,0.04105344694035625,1,0.4
2020-07-21 07:47:09+00:00,4887.5,5280.0,504.0,0.08030690537084399,1,0.6
2020-12-07 14:47:26+00:00,974.1666666666664,947.6666666666664,369.0,-0.02720273738237811,0,0.4
2020-08-05 10:30:04+00:00,12050.0,12191.666666666664,443.0,0.011756569847855955,0,0.5
2020-05-20 06:33:41+00:00,4177.5,4329.166666666667,682.0,0.03630560542589275,0,0.7
2019-12-17 14:01:40+00:00,2544.1666666666665,2703.333333333333,5362.0,0.06256141500163767,1,0.9
2020-07-06 13:01:50+00:00,110083.33333333331,117333.33333333331,554.0,0.06585919757759275,1,0.6
2020-05-26 15:21:28+00:00,10775.0,11475.0,484.0,0.06496519721577726,1,0.6
2021-01-26 08:44:26+00:00,6446.666666666668,7806.666666666668,374.0,0.21096173733195445,1,0.4
2020-07-27 13:25:51+00:00,4651.666666666667,3925.0,28.0,-0.15621640988892874,1,0
2020-12-15 02:52:20+00:00,11350.0,10966.666666666666,682.0,-0.03377386196769462,0,0.7
2021-01-27 09:03:11+00:00,24408.33333333333,22716.66666666667,604.0,-0.06930693069306892,1,0.7
2020-05-07 10:11:01+00:00,13283.333333333336,13458.333333333336,1332.0,0.013174404015056458,0,0.9
2020-07-26 13:29:25+00:00,15016.666666666664,16150.0,28.0,0.07547169811320772,1,0
2019-12-22 14:27:51+00:00,21933.33333333333,22416.66666666667,484.0,0.022036474164134186,0,0.6
2020-05-21 14:49:18+00:00,5923.333333333332,5675.0,2141.0,-0.04192459200900375,1,0.9
2020-05-12 06:05:12+00:00,148250.0,142500.0,368.0,-0.0387858347386172,0,0.4
2020-07-07 09:22:37+00:00,15175.0,16066.666666666664,1248.0,0.05875892366831395,1,0.8
2021-01-18 02:52:09+00:00,2916.666666666666,2827.5,682.0,-0.030571428571428368,0,0.7
2021-02-04 07:52:34+00:00,182.0,187.3333333333333,5.0,0.0293040293040292,0,0
2020-05-25 07:30:02+00:00,10528.333333333334,11141.666666666664,365.0,0.05825550102896916,1,0.3
2020-04-28 09:38:38+00:00,6985.0,7311.666666666668,190.0,0.04676688141255088,1,0.2
2019-11-07 17:06:46+00:00,3216.666666666666,3411.666666666666,413.0,0.0606217616580311,1,0.5
2019-10-15 02:02:33+00:00,6955.0,7140.0,368.0,0.026599568655643425,0,0.4
2021-01-18 07:19:25+00:00,4953.333333333333,4491.666666666667,1314.0,-0.09320323014804834,1,0.9
2020-10-19 09:43:34+00:00,4633.333333333333,5015.0,193.0,0.08237410071942453,1,0.2
2020-11-17 15:07:46+00:00,66300.0,65633.33333333331,471.0,-0.010055304172951524,0,0.5
2020-07-27 13:25:51+00:00,49091.66666666666,47008.33333333334,28.0,-0.04243761670344555,1,0
2019-10-15 02:02:33+00:00,23250.0,23875.0,368.0,0.026881720430107527,0,0.4
2020-09-14 08:54:03+00:00,1417.5,1427.5,5.0,0.007054673721340388,0,0
2020-12-07 07:23:31+00:00,8576.666666666666,8466.666666666666,293.0,-0.012825495530509134,0,0.3
2020-08-27 08:17:28+00:00,3322.5,3730.833333333334,5.0,0.12289942312515695,1,0
2021-01-28 10:18:30+00:00,17641.666666666668,18450.0,183.0,0.04581955597543687,1,0.2
2020-03-10 12:35:35+00:00,10875.0,9506.666666666666,323.0,-0.12582375478927207,1,0.3
2020-09-03 09:30:48+00:00,41662.16666666666,37941.16666666666,721.0,-0.08931364587375439,1,0.8
2021-02-03 00:36:42+00:00,982666.6666666664,991666.6666666664,1.0,0.009158751696065129,0,0
2019-09-05 08:11:41+00:00,1230.3333333333333,1269.6666666666667,504.0,0.031969655919805065,0,0.6
2021-01-11 10:12:14+00:00,11366.666666666664,11458.333333333336,705.0,0.008064516129032686,0,0.8
2020-05-20 06:33:41+00:00,24583.33333333333,25458.33333333333,682.0,0.035593220338983066,0,0.7
2020-06-02 10:31:50+00:00,6600.0,6658.333333333332,476.0,0.008838383838383654,0,0.5
2021-01-25 13:21:01+00:00,3695.833333333334,3660.0,278.0,-0.00969560315670817,0,0.3
2020-06-08 10:13:14+00:00,22525.0,23366.66666666667,759.0,0.037365889752127485,0,0.8
2020-07-01 08:09:09+00:00,2095.0,1857.5,1252.0,-0.11336515513126492,1,0.9
2020-07-02 02:39:28+00:00,4685.0,4666.666666666667,96.0,-0.003913198150124446,0,0.1
2021-01-25 13:21:01+00:00,3024.166666666666,2953.333333333333,278.0,-0.023422430421603645,0,0.3
2020-12-14 15:06:30+00:00,17416.666666666668,18625.0,129.0,0.06937799043062194,1,0.2
2019-12-05 08:46:03+00:00,7301.666666666668,7068.333333333332,117.0,-0.03195617438940914,0,0.2
2019-11-17 15:45:58+00:00,2910.833333333333,3017.5,386.0,0.036644718007443566,0,0.4
2020-12-23 02:56:53+00:00,9680.0,9503.333333333334,682.0,-0.018250688705234098,0,0.7
2020-12-17 10:57:17+00:00,1610.833333333333,2180.833333333333,44.0,0.3538541127780653,1,0.1
2020-05-14 10:24:25+00:00,105166.66666666669,134450.0,1332.0,0.2784469096671947,1,0.9
2020-09-07 01:04:59+00:00,923.3333333333336,892.6666666666665,682.0,-0.033212996389892134,0,0.7
2020-08-04 09:17:37+00:00,133071.0,189670.33333333328,89.0,0.4253318403959787,1,0.1
2020-07-07 08:26:18+00:00,1564.166666666667,1569.166666666667,5.0,0.0031965903036760787,0,0
2019-02-13 16:44:42+00:00,46483.33333333334,46375.0,466.0,-0.0023305844388671853,0,0.5
2020-12-14 06:29:49+00:00,11883.333333333336,11350.0,368.0,-0.04488078541374493,1,0.4
2020-12-22 23:33:18+00:00,7550.0,12091.666666666664,517.0,0.6015452538631343,1,0.6
2021-02-01 17:06:08+00:00,5045.0,5350.0,432.0,0.06045589692765114,1,0.5
2020-04-28 07:25:36+00:00,12800.0,12716.666666666664,1844.0,-0.006510416666666856,0,0.9
2020-12-10 05:21:20+00:00,21791.666666666668,21600.0,6432.0,-0.008795411089866211,0,0.9
2020-11-09 12:14:45+00:00,11200.0,10425.0,905.0,-0.06919642857142858,1,0.8
2021-02-04 07:52:34+00:00,182.0,187.33333333333331,5.0,0.029304029304029044,0,0
2019-11-28 07:32:49+00:00,1439.166666666667,1644.166666666667,9.0,0.14244354371742904,1,0
2021-01-28 05:35:29+00:00,5388.333333333333,5375.0,38.0,-0.002474481905351011,0,0.1
2021-01-05 11:00:07+00:00,82316.66666666669,83966.66666666669,833.0,0.02004454342984409,0,0.8
2020-12-03 00:45:45+00:00,226833.33333333328,240416.66666666663,508.0,0.059882439382806824,1,0.6
2020-06-23 08:36:04+00:00,3573.333333333333,3517.5,283.0,-0.015624999999999915,0,0.3
2020-07-30 05:22:07+00:00,4140.833333333333,4142.5,28.0,0.00040249547192601406,0,0
2020-08-30 03:46:03+00:00,6405.0,6456.666666666668,105.0,0.008066614623991863,0,0.1
2021-02-01 08:14:34+00:00,6310.0,8353.333333333334,5.0,0.32382461701003706,1,0
2019-12-22 14:27:51+00:00,17266.666666666668,17041.666666666668,484.0,-0.01303088803088803,0,0.6
2020-12-07 03:01:59+00:00,34250.0,34291.666666666664,682.0,0.0012165450121653792,0,0.7
2020-12-29 06:56:59+00:00,6273.333333333332,7145.0,85.0,0.13894792773645082,1,0.1
2021-01-17 11:03:44+00:00,58433.33333333334,58466.66666666666,126.0,0.0005704506560179223,0,0.2
2020-12-14 06:29:49+00:00,5466.666666666667,5335.0,368.0,-0.02408536585365859,0,0.4
2019-12-17 14:32:10+00:00,24308.33333333333,26058.33333333333,484.0,0.07199177236887214,1,0.6
2021-01-17 11:03:44+00:00,402416.66666666674,417916.66666666674,126.0,0.03851729136467177,0,0.2
2020-07-07 08:26:18+00:00,488.83333333333326,466.0,5.0,-0.04670985339243081,1,0
2021-01-07 10:00:11+00:00,5241.666666666667,5198.333333333333,1424.0,-0.008267090620031912,0,0.9
2020-11-24 11:58:33+00:00,7435.0,7806.666666666668,12.0,0.0499887917507287,1,0
2020-08-10 01:36:34+00:00,17841.666666666668,18258.33333333333,687.0,0.02335357309668345,0,0.7
2020-07-05 21:00:08+00:00,18000.0,21758.33333333333,134.0,0.20879629629629606,1,0.2
2019-12-12 09:31:13+00:00,1855.833333333333,1756.666666666667,368.0,-0.053435114503816473,1,0.4
2020-06-18 16:13:06+00:00,2693.333333333333,2866.666666666666,338.0,0.06435643564356425,1,0.3
2020-04-01 11:12:44+00:00,10191.666666666666,12441.666666666664,329.0,0.2207686017988551,1,0.3
2021-02-03 10:09:50+00:00,135833.33333333337,134583.33333333337,721.0,-0.009202453987730059,0,0.8
2019-10-21 05:15:21+00:00,1527.5,1557.5,368.0,0.019639934533551555,0,0.4
2020-06-18 07:00:09+00:00,4999.166666666667,5303.333333333333,365.0,0.0608434739123186,1,0.3
2019-12-10 21:00:05+00:00,15666.666666666664,16191.666666666664,131.0,0.03351063829787235,0,0.2
2021-01-27 11:38:18+00:00,21358.33333333333,23083.33333333333,59.0,0.08076472883339839,1,0.1
2020-11-29 16:27:19+00:00,20000.0,20633.33333333333,472.0,0.031666666666666426,0,0.5
2020-06-04 09:40:36+00:00,21825.0,22350.0,126.0,0.024054982817869417,0,0.2
2019-12-18 06:19:53+00:00,2128.333333333333,2118.333333333333,14.0,-0.004698512137823022,0,0
2020-07-15 21:51:14+00:00,1655.833333333333,1579.166666666667,190.0,-0.046300956215399744,1,0.2
2020-10-26 03:07:20+00:00,9113.333333333334,8630.0,682.0,-0.053035844915874236,1,0.7
2020-07-12 14:48:49+00:00,13158.333333333336,13441.666666666664,73.0,0.021532615579480312,0,0.1
2020-07-22 12:51:24+00:00,23466.66666666667,24216.66666666667,190.0,0.031960227272727265,0,0.2
2020-12-16 07:52:54+00:00,8518.333333333334,13091.666666666664,5.0,0.5368812365486202,1,0
2020-07-27 06:00:02+00:00,16150.0,15950.0,11951.0,-0.01238390092879257,0,0.9
2020-07-09 08:10:46+00:00,8080.0,8021.666666666668,5.0,-0.007219471947194569,0,0
2020-07-06 12:05:42+00:00,1684.166666666667,1711.666666666667,41.0,0.016328550222662046,0,0.1
2019-12-17 14:32:10+00:00,1475.0,1694.166666666667,484.0,0.14858757062146913,1,0.6
2021-01-28 10:18:30+00:00,1655.833333333333,1738.333333333333,183.0,0.049823855057876204,1,0.2
2020-12-23 02:56:53+00:00,8793.333333333334,7905.0,682.0,-0.10102350265352546,1,0.7
2020-06-29 13:15:00+00:00,109583.33333333331,115500.0,4168.0,0.053992395437262544,1,0.9
2020-10-21 09:02:06+00:00,8700.0,11400.0,5.0,0.3103448275862069,1,0
2020-11-26 05:25:52+00:00,5545.0,5351.666666666667,337.0,-0.034866245867147524,0,0.3
2020-01-09 09:54:05+00:00,5398.333333333333,5785.0,905.0,0.07162704538437796,1,0.8
2020-03-02 09:59:44+00:00,1136.6666666666667,1216.6666666666667,368.0,0.07038123167155425,1,0.4
2021-01-18 08:56:12+00:00,5658.333333333332,5521.666666666668,705.0,-0.02415316642120724,0,0.8
2020-01-06 09:09:52+00:00,1265.8333333333333,1330.0,39.0,0.0506912442396314,1,0.1
2020-11-29 04:00:03+00:00,6783.333333333332,6990.0,278.0,0.03046683046683065,0,0.3
2020-06-01 16:55:44+00:00,89002.66666666669,111654.0,476.0,0.2545017377756469,1,0.5
2021-01-25 22:03:29+00:00,8945.0,8831.666666666666,472.0,-0.012670020495621458,0,0.5
2020-12-13 00:00:09+00:00,15725.0,15616.666666666664,75.0,-0.0068892421833599855,0,0.1
2020-12-23 02:07:24+00:00,7028.333333333332,7155.0,3571.0,0.018022290728005867,0,0.9
2020-05-19 05:01:44+00:00,3562.5,3549.166666666666,516.0,-0.0037426900584797023,0,0.6
2019-12-16 10:52:54+00:00,2557.5,2569.1666666666665,368.0,0.004561746497230309,0,0.4
2020-08-13 10:42:07+00:00,24875.0,24291.66666666667,97.0,-0.023450586264656417,0,0.1
2021-01-20 09:06:01+00:00,90333.33333333331,83650.0,99.0,-0.07398523985239833,1,0.1
2021-01-19 03:49:27+00:00,3250.0,3221.666666666666,418.0,-0.008717948717948905,0,0.5
2021-01-06 12:02:43+00:00,4247.5,4345.833333333333,59.0,0.02315087306258576,0,0.1
2020-11-05 06:59:59+00:00,22471.66666666667,22844.5,6432.0,0.016591263072016398,0,0.9
2020-10-12 01:37:56+00:00,18483.33333333333,18075.0,1603.0,-0.0220919747520286,0,0.9
2020-07-07 09:22:37+00:00,1467.5,1625.0,1248.0,0.10732538330494036,1,0.8
2021-02-01 17:06:08+00:00,2856.666666666666,3006.666666666666,432.0,0.05250875145857644,1,0.5
2020-12-01 19:21:37+00:00,4813.333333333333,5077.5,334.0,0.05488227146814411,1,0.3
2020-06-02 10:41:45+00:00,17858.333333333332,18566.666666666668,126.0,0.0396640223985069,0,0.2
2020-07-30 07:24:39+00:00,24691.66666666667,23700.0,391.0,-0.0401619979750255,1,0.5
2021-01-28 05:35:29+00:00,3404.166666666666,3405.833333333333,38.0,0.0004895960832314233,0,0.1
2020-10-21 07:21:08+00:00,10013.333333333334,10266.666666666666,293.0,0.025299600532623045,0,0.3
2021-01-05 08:00:02+00:00,16275.0,16433.333333333332,46.0,0.009728622631848365,0,0.1
2020-10-05 11:18:58+00:00,10035.0,11358.333333333336,504.0,0.1318717820959976,1,0.6
2019-12-22 14:27:51+00:00,2872.5,2841.666666666666,484.0,-0.010733971569480921,0,0.6
2020-09-16 08:27:57+00:00,18991.666666666668,18841.666666666668,95.0,-0.007898200965335674,0,0.1
2020-12-28 09:46:36+00:00,91583.33333333331,92183.33333333331,1424.0,0.0065514103730664255,0,0.9
2020-07-07 09:22:37+00:00,15175.0,16066.666666666664,1248.0,0.05875892366831395,1,0.8
2020-12-17 16:21:01+00:00,16641.666666666668,15958.333333333336,35.0,-0.0410615923885828,1,0
2021-01-21 09:03:02+00:00,12658.333333333336,12858.333333333336,705.0,0.015799868334430544,0,0.8
2020-10-21 09:02:06+00:00,8700.0,11400.0,5.0,0.3103448275862069,1,0
2020-11-19 07:31:39+00:00,10450.0,12641.666666666664,391.0,0.20972886762360424,1,0.5
2021-01-25 13:33:16+00:00,44058.33333333334,43866.66666666666,471.0,-0.00435029317193159,0,0.5
2020-10-20 05:08:33+00:00,32483.33333333333,33083.333333333336,368.0,0.018471010774756512,0,0.4
2020-11-09 12:14:45+00:00,12000.0,11608.333333333336,905.0,-0.03263888888888869,0,0.8
2020-12-09 09:59:53+00:00,2241.6666666666665,2010.0,337.0,-0.10334572490706312,1,0.3
2021-01-25 13:21:01+00:00,46116.66666666666,45050.0,278.0,-0.023129743404408903,0,0.3
2020-02-11 08:14:50+00:00,2617.5,3147.5,5.0,0.20248328557784145,1,0
2021-01-20 14:33:03+00:00,48000.0,47191.66666666666,471.0,-0.016840277777777978,0,0.5
2020-06-22 14:21:13+00:00,5333.333333333333,7061.666666666668,504.0,0.3240625000000003,1,0.6
2020-08-04 06:00:09+00:00,54500.0,56633.33333333334,11951.0,0.03914373088685033,0,0.9
2019-12-16 10:52:54+00:00,2514.1666666666665,2544.1666666666665,368.0,0.01193238316208154,0,0.4
2021-02-01 08:14:34+00:00,369416.66666666674,434750.0,5.0,0.17685540266185404,1,0
2019-07-18 14:28:21+00:00,2627.5,3624.166666666666,484.0,0.37932128131937815,1,0.6
2019-11-12 13:59:47+00:00,6835.0,6893.333333333332,443.0,0.00853450377956578,0,0.5
2020-12-15 06:01:04+00:00,73716.66666666669,73983.33333333331,274.0,0.003617454216594544,0,0.3
2019-07-02 06:25:26+00:00,6520.0,6776.666666666668,504.0,0.039366053169734336,0,0.6
2020-06-29 08:06:48+00:00,5775.0,5835.0,1252.0,0.010389610389610391,0,0.9
2021-02-01 09:35:59+00:00,16608.333333333332,17316.666666666668,6293.0,0.0426492724535877,1,0.9
2020-09-07 06:45:41+00:00,923.3333333333336,892.6666666666665,1252.0,-0.033212996389892134,0,0.9
2020-12-07 07:23:31+00:00,8576.666666666666,8466.666666666666,293.0,-0.012825495530509134,0,0.3
2020-07-22 01:59:42+00:00,44941.66666666666,52008.33333333334,1171.0,0.15724086779158214,1,0.8
2020-03-02 09:59:44+00:00,5838.333333333332,6106.666666666668,368.0,0.0459606051955471,1,0.4
2020-05-19 05:01:44+00:00,5241.666666666667,5256.666666666667,516.0,0.002861685214626391,0,0.6
2020-10-29 08:43:57+00:00,2847.333333333333,2885.0,391.0,0.013228752048700646,0,0.5
2020-07-01 08:09:09+00:00,2095.0,1857.5,1252.0,-0.11336515513126492,1,0.9
2019-09-18 06:19:51+00:00,3569.166666666666,3752.5,108.0,0.051365865047863835,1,0.2
2021-01-25 13:33:16+00:00,3024.166666666666,2953.333333333333,471.0,-0.023422430421603645,0,0.5
2020-09-07 06:45:41+00:00,27766.66666666667,27733.33333333333,1252.0,-0.00120048019207718,0,0.9
2021-02-04 07:52:34+00:00,3510.0,4370.833333333333,5.0,0.2452516619183285,1,0
2020-02-13 05:57:49+00:00,258500.0,257083.33333333328,820.0,-0.005480335267569498,0,0.8
2020-07-01 08:15:34+00:00,10566.666666666666,10666.666666666666,1252.0,0.00946372239747634,0,0.9
2020-10-12 02:59:00+00:00,10191.666666666666,9363.333333333334,682.0,-0.08127555192150439,1,0.7
2020-10-25 00:00:02+00:00,7556.666666666668,7461.666666666668,853.0,-0.012571680635200705,0,0.8
2021-01-19 03:49:27+00:00,1692.5,1548.333333333333,418.0,-0.08517971442639112,1,0.5
2020-10-05 11:18:58+00:00,38925.0,49858.33333333334,504.0,0.2808820381074719,1,0.6
2020-11-26 04:50:48+00:00,32950.0,26500.0,494.0,-0.19575113808801212,1,0.6
2020-12-16 15:59:21+00:00,1438.333333333333,1524.166666666667,116.0,0.059675550405562425,1,0.2
2020-04-13 09:13:10+00:00,22800.0,20583.33333333333,721.0,-0.09722222222222243,1,0.8
2021-01-19 07:21:48+00:00,7175.0,8026.666666666668,95.0,0.11869918699187007,1,0.1
2020-11-24 07:26:06+00:00,9023.333333333334,9065.0,516.0,0.0046176579239009296,0,0.6
2021-01-27 09:03:11+00:00,54316.66666666666,51950.0,604.0,-0.0435716477447068,1,0.7
2020-07-15 21:51:14+00:00,6730.0,6708.333333333332,190.0,-0.003219415552253771,0,0.2
2020-12-23 08:23:25+00:00,3320.833333333333,2631.6666666666665,368.0,-0.2075282308657465,1,0.4
2020-06-23 08:04:18+00:00,3968.333333333334,4158.333333333333,5.0,0.04787904241915138,1,0
2020-05-18 09:34:28+00:00,901.8333333333336,973.8333333333336,368.0,0.07983736832378488,1,0.4
2020-09-02 22:16:02+00:00,149583.33333333337,149250.0,1171.0,-0.0022284122562676685,0,0.8
2019-07-23 13:31:29+00:00,15700.0,14975.0,131.0,-0.04617834394904458,1,0.2
2020-03-23 14:37:38+00:00,71283.33333333331,69233.33333333331,484.0,-0.028758475566986214,0,0.6
2020-12-08 02:54:23+00:00,15800.0,15416.666666666664,463.0,-0.02426160337552758,0,0.5
2019-04-28 14:02:58+00:00,12711.0,13000.833333333336,896.0,0.022801772742768917,0,0.8
2020-07-26 11:15:01+00:00,46650.0,49091.66666666666,516.0,0.05234012147195406,1,0.6
2018-12-03 10:27:53+00:00,3815.833333333334,3821.666666666666,973.0,0.0015287180607116279,0,0.8
2020-08-27 10:18:32+00:00,6985.0,7793.333333333332,368.0,0.1157241708422809,1,0.4
2020-11-26 07:43:44+00:00,15950.0,15716.666666666664,586.0,-0.014629049111807884,0,0.7
2019-05-22 01:25:06+00:00,10816.666666666666,10983.333333333334,820.0,0.015408320493066369,0,0.8
2020-02-11 08:14:50+00:00,4540.0,4613.333333333333,5.0,0.016152716593245162,0,0
2019-06-12 12:02:28+00:00,3183.5,3113.5,1587.0,-0.021988377571854883,0,0.9
2020-04-20 08:32:47+00:00,2312.5,3165.833333333333,504.0,0.3690090090090089,1,0.6
2020-09-07 06:45:41+00:00,923.3333333333336,892.6666666666665,1252.0,-0.033212996389892134,0,0.9
2020-07-07 09:22:37+00:00,4337.5,4365.833333333333,1248.0,0.006532180595581102,0,0.8
2021-01-28 00:13:21+00:00,2382.5,2370.833333333333,21.0,-0.004896817068905339,0,0
2020-09-22 15:20:21+00:00,77166.66666666669,77500.0,5362.0,0.004319654427645536,0,0.9
2021-01-27 05:06:05+00:00,15366.666666666664,16391.666666666668,1019.0,0.0667028199566163,1,0.8
2021-01-19 03:49:27+00:00,4162.5,4727.5,418.0,0.13573573573573575,1,0.5
2020-10-25 09:39:17+00:00,2715.0,2866.666666666666,64.0,0.0558624923265805,1,0.1
2020-08-04 10:32:02+00:00,24675.0,25191.66666666667,604.0,0.020938872002701985,0,0.7
2019-12-17 14:32:10+00:00,23691.66666666667,24091.66666666667,484.0,0.01688357368976433,0,0.6
2020-12-15 13:40:49+00:00,7645.0,8126.666666666668,278.0,0.06300414214083294,1,0.3
2021-01-17 11:03:44+00:00,171583.33333333337,170083.33333333337,126.0,-0.00874210781932977,0,0.2
2020-10-18 22:35:35+00:00,3347.5,3533.333333333333,293.0,0.055514065222803,1,0.3
2020-10-12 10:44:03+00:00,34250.0,37900.0,1332.0,0.10656934306569343,1,0.9
2019-11-28 08:52:46+00:00,1235.1666666666667,1323.6666666666667,400.0,0.07165024962892996,1,0.5
2021-01-25 07:08:18+00:00,45875.0,46816.66666666666,705.0,0.020526793823796338,0,0.8
2020-07-26 13:29:25+00:00,4045.0,4651.666666666667,28.0,0.14997939843428107,1,0
2019-09-04 08:48:41+00:00,4647.5,5660.0,1587.0,0.21785906401291014,1,0.9
2020-05-14 09:05:13+00:00,29503.66666666667,38044.5,504.0,0.28948379297488425,1,0.6
2020-08-26 04:59:33+00:00,43325.0,40100.0,51.0,-0.07443739180611655,1,0.1
2020-12-15 08:10:31+00:00,9358.333333333334,10031.666666666666,5.0,0.07195013357079239,1,0
2020-10-22 09:00:09+00:00,6661.666666666668,6816.666666666668,278.0,0.02326745058794095,0,0.3
2020-09-02 08:26:08+00:00,14600.0,21925.0,504.0,0.5017123287671232,1,0.6
2020-11-23 04:28:42+00:00,2196.6666666666665,2010.833333333333,494.0,-0.08459787556904408,1,0.6
2020-07-22 12:51:24+00:00,3700.0,3654.166666666666,190.0,-0.01238738738738755,0,0.2
2020-11-16 02:06:52+00:00,2980.0,2959.166666666666,519124.0,-0.006991051454138906,0,1.0
2020-07-27 13:25:51+00:00,10016.666666666666,8370.0,28.0,-0.16439267886855236,1,0
2020-11-12 03:04:53+00:00,1744.166666666667,1851.666666666667,682.0,0.061634018155757274,1,0.7
2020-11-24 14:36:56+00:00,8966.666666666666,9226.666666666666,186.0,0.028996282527881043,0,0.2
2019-12-29 16:38:30+00:00,55850.0,56250.0,1921.0,0.007162041181736795,0,0.9
2020-10-26 09:45:05+00:00,2983.333333333333,2875.0,759.0,-0.036312849162011065,0,0.8
2020-04-02 11:20:37+00:00,13316.666666666664,15158.333333333336,329.0,0.13829787234042593,1,0.3
2020-12-29 23:52:10+00:00,805000.0,823000.0,6293.0,0.02236024844720497,0,0.9
2020-12-08 07:30:24+00:00,23633.33333333333,26458.33333333333,496.0,0.11953455571227085,1,0.6
2020-07-27 13:25:51+00:00,3608.333333333334,3470.0,28.0,-0.03833718244803711,0,0
2020-10-12 10:44:03+00:00,3072.0,2905.833333333333,1332.0,-0.054090711805555663,1,0.9
2020-07-22 12:51:24+00:00,3552.5,3552.5,190.0,0.0,0,0.2
2019-02-20 13:55:25+00:00,4945.0,4956.666666666667,484.0,0.0023592854735423603,0,0.6
2020-08-04 05:42:50+00:00,24825.0,24750.0,374.0,-0.0030211480362537764,0,0.4
2020-11-25 05:06:38+00:00,463.0,459.33333333333326,210.0,-0.007919366450684109,0,0.3
2020-04-01 11:09:24+00:00,12750.0,13616.666666666664,331.0,0.06797385620915014,1,0.3
2020-10-06 16:00:13+00:00,30125.0,30408.33333333333,6235.0,0.009405255878284762,0,0.9
2019-11-19 12:08:15+00:00,3018.333333333333,3170.0,1252.0,0.050248481501932736,1,0.9
2020-11-05 04:10:44+00:00,2991.666666666666,2994.166666666666,472.0,0.0008356545961002787,0,0.5
2019-12-17 14:32:10+00:00,1933.333333333333,2689.1666666666665,484.0,0.3909482758620691,1,0.6
2020-10-12 02:59:00+00:00,10191.666666666666,9363.333333333334,682.0,-0.08127555192150439,1,0.7
2020-10-22 17:06:04+00:00,26241.66666666667,25466.66666666667,163.0,-0.029533185138139087,0,0.2
2020-11-26 05:25:52+00:00,3584.166666666666,3434.166666666666,337.0,-0.0418507323878168,1,0.3
2019-05-13 14:32:07+00:00,3451.666666666666,3231.666666666666,821.0,-0.06373732496378562,1,0.8
2019-12-17 14:32:10+00:00,5000.0,5066.666666666667,484.0,0.013333333333333391,0,0.6
2020-09-01 11:28:19+00:00,20550.0,18833.33333333333,170.0,-0.08353609083536115,1,0.2
2020-07-20 08:54:23+00:00,1115.0,1104.1666666666667,1387.0,-0.009715994020926688,0,0.9
2020-09-02 08:30:04+00:00,22375.0,22933.33333333333,1387.0,0.02495344506517669,0,0.9
2020-10-22 05:12:05+00:00,13791.666666666664,13108.333333333336,6432.0,-0.049546827794561585,1,0.9
2020-08-04 10:01:13+00:00,2781.166666666666,2794.333333333333,28.0,0.004734224246419478,0,0
2019-09-05 08:11:41+00:00,3285.833333333333,3655.0,504.0,0.1123510017752981,1,0.6
2020-11-12 03:04:53+00:00,4930.833333333333,4877.5,682.0,-0.010816292039885015,0,0.7
2020-08-06 15:05:45+00:00,13116.666666666664,12683.333333333336,471.0,-0.03303684879288401,0,0.5
2020-07-22 12:51:24+00:00,3700.0,3654.166666666666,190.0,-0.01238738738738755,0,0.2
2020-05-18 09:34:28+00:00,4425.833333333333,6448.333333333332,368.0,0.4569760873658443,1,0.4
2019-12-22 14:27:51+00:00,2150.0,2105.0,484.0,-0.02093023255813953,0,0.6
2020-12-07 14:47:26+00:00,2323.333333333333,2571.6666666666665,369.0,0.10688665710186522,1,0.4
2020-04-02 09:10:42+00:00,1117.5,1146.6666666666667,169.0,0.02609992542878456,0,0.2
2021-02-01 08:49:55+00:00,6166.666666666668,6373.333333333332,49.0,0.033513513513513116,0,0.1
2020-12-28 09:46:36+00:00,1593.333333333333,1759.166666666667,1424.0,0.1040794979079502,1,0.9
2021-01-13 08:00:21+00:00,90083.33333333331,89100.0,833.0,-0.010915818686401266,0,0.8
2019-12-18 06:19:53+00:00,2128.333333333333,2118.333333333333,14.0,-0.004698512137823022,0,0
2021-02-04 07:52:34+00:00,317.5,403.33333333333326,5.0,0.2703412073490811,1,0
2020-10-21 04:55:16+00:00,1913.333333333333,1973.333333333333,368.0,0.031358885017421616,0,0.4
2019-12-22 14:27:51+00:00,17266.666666666668,17041.666666666668,484.0,-0.01303088803088803,0,0.6
2021-01-10 09:31:36+00:00,100250.0,112250.0,43.0,0.1197007481296758,1,0.1
2021-01-06 12:02:43+00:00,9168.333333333334,9833.333333333334,59.0,0.07253226686057081,1,0.1
2020-04-06 11:12:33+00:00,2244.0,2418.5,504.0,0.07776292335115864,1,0.6
2020-04-22 10:43:01+00:00,9931.666666666666,10035.0,300.0,0.010404430273535891,0,0.3
2021-02-02 08:14:35+00:00,9336.666666666666,9565.0,33.0,0.024455551588718386,0,0
2020-12-13 12:31:41+00:00,25150.0,24883.33333333333,129.0,-0.01060304837640841,0,0.2
2020-05-20 07:00:19+00:00,1483.333333333333,1455.0,365.0,-0.019101123595505417,0,0.3
2020-02-20 07:49:06+00:00,13641.666666666664,20733.33333333333,5449.0,0.5198533903481979,1,0.9
2020-09-09 09:03:19+00:00,5191.666666666667,5240.0,808.0,0.009309791332263184,0,0.8
2019-10-15 00:42:37+00:00,2316.6666666666665,1993.333333333333,820.0,-0.13956834532374107,1,0.8
2021-01-27 13:10:18+00:00,209583.33333333328,213666.66666666663,21.0,0.01948310139165015,0,0
2020-06-25 06:03:17+00:00,4919.166666666667,4861.666666666667,682.0,-0.011688971709300356,0,0.7
2020-09-23 11:17:42+00:00,4360.833333333333,5950.0,46.0,0.3644181158035545,1,0.1
2020-09-03 10:00:02+00:00,4428.333333333333,4075.0,443.0,-0.07978923598042899,1,0.5
2020-04-22 12:59:16+00:00,3759.166666666666,4045.0,1266.0,0.07603635557526063,1,0.9
2020-11-23 06:38:45+00:00,2840.0,3158.333333333333,154.0,0.11208920187793417,1,0.2
2021-01-26 08:52:35+00:00,52866.66666666666,52983.33333333334,705.0,0.002206809583859132,0,0.8
2020-07-21 10:31:30+00:00,5323.333333333333,5248.333333333333,604.0,-0.01408891671884784,0,0.7
2019-04-23 14:58:11+00:00,2313.333333333333,2547.5,484.0,0.1012247838616716,1,0.6
2020-12-01 19:21:37+00:00,72200.0,72600.0,334.0,0.00554016620498615,0,0.3
2021-01-12 08:00:07+00:00,379750.0,379583.33333333326,833.0,-0.000438885231512164,0,0.8
2020-02-20 13:04:54+00:00,13641.666666666664,20733.33333333333,471.0,0.5198533903481979,1,0.5
2019-10-28 07:47:53+00:00,55133.33333333334,54216.66666666666,1248.0,-0.016626360338573506,0,0.8
2020-07-19 03:03:20+00:00,959.3333333333336,959.3333333333336,193.0,0.0,0,0.2
2019-10-22 12:31:50+00:00,11550.0,11991.666666666664,443.0,0.03823953823953803,0,0.5
2020-10-15 02:21:00+00:00,3615.833333333334,3666.666666666666,432.0,0.014058538833832342,0,0.5
2021-01-06 22:09:48+00:00,1998.333333333333,2040.0,476.0,0.02085070892410357,0,0.5
2021-02-03 09:49:22+00:00,3102.5,2008.333333333333,47.0,-0.35267257587966705,1,0.1
2020-07-15 21:51:14+00:00,6730.0,6708.333333333332,190.0,-0.003219415552253771,0,0.2
2020-10-26 08:00:06+00:00,3430.833333333333,3605.0,1019.0,0.05076512023317959,1,0.8
2020-02-13 07:11:45+00:00,1135.0,1209.1666666666667,504.0,0.06534508076358303,1,0.6
2020-10-22 09:00:09+00:00,3373.333333333333,3830.833333333334,278.0,0.13562252964426905,1,0.3
2020-06-23 08:36:04+00:00,5248.333333333333,4890.833333333333,283.0,-0.0681168624960305,1,0.3
2019-10-30 01:09:31+00:00,162416.66666666663,190333.33333333328,6432.0,0.17188301693175986,1,0.9
2020-08-24 11:02:07+00:00,26825.0,28741.66666666667,665.0,0.0714507611059337,1,0.7
2019-12-17 14:01:40+00:00,2544.1666666666665,2703.333333333333,5362.0,0.06256141500163767,1,0.9
2021-02-03 10:35:36+00:00,4751.666666666667,4535.0,49.0,-0.04559803577692044,1,0.1
2020-07-20 07:39:01+00:00,1901.666666666667,2392.5,682.0,0.2581069237510953,1,0.7
2020-10-21 09:02:06+00:00,6815.0,7425.0,5.0,0.08950843727072634,1,0
2020-11-12 03:04:53+00:00,4930.833333333333,4877.5,682.0,-0.010816292039885015,0,0.7
2020-07-22 14:33:36+00:00,4213.333333333333,4758.333333333333,471.0,0.1293512658227848,1,0.5
2020-03-10 12:35:35+00:00,10875.0,9005.0,323.0,-0.17195402298850573,1,0.3
2021-01-07 16:02:09+00:00,40641.66666666666,39975.0,401.0,-0.016403526758252792,0,0.5
2020-02-17 07:57:33+00:00,4190.833333333333,4045.833333333334,227.0,-0.034599323921256496,0,0.3
2020-12-07 07:49:55+00:00,8576.666666666666,8466.666666666666,391.0,-0.012825495530509134,0,0.5
2020-11-26 01:47:46+00:00,5701.666666666668,5960.0,687.0,0.04530838935983608,1,0.7
2020-10-12 23:21:00+00:00,15501.333333333336,15798.5,517.0,0.019170393944606755,0,0.6
2020-10-05 05:14:28+00:00,20558.33333333333,19225.0,235.0,-0.06485610052695559,1,0.3
2019-10-28 07:47:53+00:00,3370.833333333333,3432.5,1248.0,0.01829419035846733,0,0.8
2020-07-26 11:15:01+00:00,59666.66666666666,66650.0,516.0,0.11703910614525158,1,0.6
2020-07-09 11:19:37+00:00,9133.333333333334,9591.666666666666,905.0,0.05018248175182468,1,0.8
2020-11-12 03:04:53+00:00,4251.666666666667,4293.333333333333,682.0,0.00980007840062706,0,0.7
2020-10-05 05:21:53+00:00,3502.5,3630.833333333334,95.0,0.036640494884606405,0,0.1
2021-01-11 06:00:05+00:00,20941.666666666668,20283.33333333333,11951.0,-0.03143653004377267,0,0.9
2019-11-28 08:52:46+00:00,915.5,1115.8333333333333,400.0,0.21882395776442734,1,0.5
2020-08-11 08:55:40+00:00,7600.833333333332,7626.833333333332,368.0,0.003420677557285386,0,0.4
2020-12-10 13:10:38+00:00,25266.66666666667,24466.66666666667,359.0,-0.031662269129287594,0,0.3
2020-08-27 08:17:28+00:00,2066.6666666666665,2507.5,5.0,0.21330645161290326,1,0
2020-12-14 12:40:35+00:00,361788.16666666674,346403.5,287.0,-0.042523963147864365,1,0.3
2020-06-02 10:31:50+00:00,51016.66666666666,52400.0,476.0,0.027115321790264813,0,0.5
2020-06-02 09:08:32+00:00,10083.333333333334,10416.666666666666,368.0,0.0330578512396693,0,0.4
2020-12-21 02:59:50+00:00,19525.0,19458.33333333333,682.0,-0.003414425949637465,0,0.7
2020-05-07 10:11:01+00:00,1335.8333333333333,1691.666666666667,1332.0,0.2663755458515287,1,0.9
2019-05-07 07:26:47+00:00,2535.0,2567.5,368.0,0.01282051282051282,0,0.4
2020-12-14 03:29:06+00:00,8386.666666666666,9398.333333333334,368.0,0.12062798092209873,1,0.4
2020-07-20 08:47:38+00:00,2643.333333333333,3380.0,100.0,0.2786885245901641,1,0.1
2020-03-04 01:08:39+00:00,1678.333333333333,1723.333333333333,274.0,0.02681231380337637,0,0.3
2021-01-18 08:58:43+00:00,160666.66666666663,159166.66666666663,351.0,-0.009336099585062242,0,0.3
2020-11-16 10:05:04+00:00,41925.833333333336,42793.0,665.0,0.02068334956570128,0,0.7
2020-12-07 16:42:28+00:00,15775.0,20091.666666666668,129.0,0.27363972530375075,1,0.2
2019-04-29 09:32:16+00:00,2348.333333333333,2401.6666666666665,368.0,0.02271114265436486,0,0.4
2021-01-27 12:02:47+00:00,793000.0,764333.3333333335,189.0,-0.03614964270701957,0,0.2
2020-09-13 02:45:03+00:00,2685.0,3172.5,134.0,0.18156424581005587,1,0.2
2020-08-30 03:46:03+00:00,33676.833333333336,33474.0,105.0,-0.0060229336685457095,0,0.1
2019-07-02 01:20:49+00:00,3095.0,3147.5,273.0,0.016962843295638127,0,0.3
2021-02-04 07:52:34+00:00,3510.0,4370.833333333333,5.0,0.2452516619183285,1,0
2020-08-06 15:05:45+00:00,5155.0,5258.333333333333,471.0,0.02004526349822173,0,0.5
2019-02-07 09:00:02+00:00,10141.666666666666,10050.0,36188.0,-0.00903861955628589,0,0.9
2020-12-15 02:52:20+00:00,3222.5,3203.333333333333,682.0,-0.005947763123868726,0,0.7
2019-12-05 01:53:55+00:00,2667.5,2547.5,14.0,-0.04498594189315839,1,0
2021-01-20 12:28:40+00:00,8420.0,7838.333333333332,59.0,-0.06908155186064939,1,0.1
2021-02-02 05:23:00+00:00,127000.0,116833.33333333331,6432.0,-0.08005249343832037,1,0.9
2020-08-13 03:49:26+00:00,55200.0,55633.33333333334,682.0,0.007850241545893895,0,0.7
2019-12-18 10:35:31+00:00,7198.333333333332,7393.333333333332,74.0,0.027089604075017367,0,0.1
2020-12-09 08:06:12+00:00,351395.33333333326,343703.0,927.0,-0.021890823820464103,0,0.8
2021-02-02 13:53:45+00:00,4266.666666666667,4330.0,21.0,0.014843749999999928,0,0
2020-06-03 15:22:46+00:00,8951.666666666666,9170.0,189.0,0.02439024390243909,0,0.2
2020-05-19 05:01:44+00:00,4607.5,4684.166666666667,516.0,0.016639536986796957,0,0.6
2020-09-09 02:26:57+00:00,97750.0,98366.66666666669,682.0,0.006308610400682211,0,0.7
2020-07-08 08:17:01+00:00,7201.666666666668,7380.0,905.0,0.02476278639203871,0,0.8
2021-01-17 00:48:41+00:00,26666.66666666667,26908.33333333333,206.0,0.009062499999999635,0,0.3
2021-02-04 07:52:34+00:00,11825.0,14575.0,5.0,0.2325581395348837,1,0
2020-04-22 08:45:54+00:00,4965.833333333333,6200.0,504.0,0.24853163282429944,1,0.6
2020-07-01 08:02:26+00:00,3162.5,2825.0,368.0,-0.1067193675889328,1,0.4
2019-11-28 08:52:46+00:00,1439.166666666667,1644.166666666667,400.0,0.14244354371742904,1,0.5
2021-01-19 03:49:27+00:00,5210.0,5833.333333333332,418.0,0.11964171465131135,1,0.5
2020-07-22 12:51:24+00:00,4960.833333333333,5025.0,190.0,0.012934654795901288,0,0.2
2020-07-12 11:04:51+00:00,1750.0,1696.666666666667,203.0,-0.030476190476190306,0,0.2
2020-02-11 08:14:50+00:00,716.3333333333335,699.5,5.0,-0.023499302000930877,0,0
2021-01-25 13:33:16+00:00,46116.66666666666,45050.0,471.0,-0.023129743404408903,0,0.5
2021-01-25 13:21:01+00:00,3695.833333333334,3660.0,278.0,-0.00969560315670817,0,0.3
2020-05-26 09:37:58+00:00,7386.666666666668,8196.666666666666,368.0,0.10965703971119108,1,0.4
2020-11-17 15:07:46+00:00,219866.66666666663,207766.66666666663,471.0,-0.05503335354760462,1,0.5
2019-02-27 13:30:49+00:00,3560.833333333333,4494.166666666667,484.0,0.2621109290896328,1,0.6
2019-12-26 10:52:14+00:00,24266.66666666667,24433.33333333333,323.0,0.006868131868131467,0,0.3
2021-01-20 15:14:31+00:00,18716.666666666668,19891.666666666668,432.0,0.06277827248441674,1,0.5
2020-11-18 13:45:28+00:00,1565.833333333333,1705.0,471.0,0.08887706226716359,1,0.5
2020-07-22 12:51:24+00:00,4684.166666666667,4846.666666666667,190.0,0.03469133606119907,0,0.2
2020-11-09 12:14:45+00:00,25083.33333333333,26700.0,905.0,0.06445182724252513,1,0.8
2021-01-06 03:19:51+00:00,9253.333333333334,9680.0,368.0,0.04610951008645527,1,0.4
2021-01-27 04:32:09+00:00,66250.0,65866.66666666669,311.0,-0.005786163522012285,0,0.3
2021-01-11 10:12:14+00:00,145450.0,148950.0,705.0,0.02406325197662427,0,0.8
2020-05-21 07:10:08+00:00,28141.66666666667,25583.33333333333,759.0,-0.09090909090909123,1,0.8
2019-11-28 08:52:46+00:00,20800.0,25483.33333333333,400.0,0.22516025641025614,1,0.5
2020-08-30 03:46:03+00:00,38028.333333333336,36829.0,105.0,-0.031537888416531594,0,0.1
2020-12-01 08:08:24+00:00,9620.0,10758.333333333334,368.0,0.1183298683298684,1,0.4
2021-01-28 10:18:30+00:00,16391.666666666668,17816.666666666668,183.0,0.08693441789527198,1,0.2
2020-12-28 09:46:36+00:00,30400.0,34283.333333333336,1424.0,0.12774122807017552,1,0.9
2020-12-16 16:23:02+00:00,5340.0,5518.333333333332,432.0,0.033395755305867435,0,0.5
2019-12-17 14:32:10+00:00,16091.666666666664,15333.333333333336,484.0,-0.04712584153288423,1,0.6
2020-09-15 09:20:43+00:00,4897.5,4865.833333333333,368.0,-0.006465883954398565,0,0.4
2020-11-12 02:40:50+00:00,23950.0,24200.0,682.0,0.010438413361169102,0,0.7
2019-12-16 10:52:54+00:00,19208.33333333333,20375.0,368.0,0.06073752711496772,1,0.4
2019-08-06 11:07:27+00:00,902.6666666666664,949.5,904.0,0.05188330871491907,1,0.8
2020-12-23 13:08:09+00:00,66600.0,62183.33333333334,4515.0,-0.06631631631631618,1,0.9
2020-07-13 09:25:09+00:00,4135.0,3908.333333333334,1844.0,-0.05481660620717438,1,0.9
2020-10-13 08:22:23+00:00,27325.0,28650.0,1387.0,0.0484903934126258,1,0.9
2020-12-01 10:32:09+00:00,7101.666666666668,6910.0,622.0,-0.02698896972541673,0,0.7
2020-10-06 13:39:29+00:00,6256.666666666668,6546.666666666668,28.0,0.04635055940330313,1,0
2020-12-01 08:08:24+00:00,2966.666666666666,3102.5,368.0,0.0457865168539328,1,0.4
2020-08-04 09:17:37+00:00,55800.0,58500.0,89.0,0.04838709677419355,1,0.1
2020-09-16 05:28:11+00:00,17675.0,17608.333333333332,1171.0,-0.00377180575200384,0,0.8
2020-10-21 04:55:16+00:00,62700.0,63366.66666666666,368.0,0.010632642211589426,0,0.4
2020-03-22 13:49:08+00:00,9155.0,9313.333333333334,2141.0,0.017294738758419873,0,0.9
2021-01-25 13:21:01+00:00,46116.66666666666,45050.0,278.0,-0.023129743404408903,0,0.3
2020-12-28 10:57:08+00:00,84045.83333333331,87564.0,65.0,0.04186009617768107,1,0.1
2020-12-21 03:48:44+00:00,5915.0,5230.0,494.0,-0.1158072696534235,1,0.6
2019-10-01 01:17:48+00:00,5255.0,5001.666666666667,820.0,-0.04820805581985405,1,0.8
2020-04-02 11:20:37+00:00,10350.0,12016.666666666664,329.0,0.16103059581320428,1,0.3
2020-12-15 10:54:22+00:00,12627.5,12730.833333333336,374.0,0.008183198046591627,0,0.4
2021-01-19 03:49:27+00:00,8525.0,10541.666666666666,418.0,0.23655913978494614,1,0.5
2019-08-20 09:51:04+00:00,129416.66666666669,141750.0,905.0,0.09529942047649692,1,0.8
2019-11-20 00:43:09+00:00,3170.0,3194.166666666666,494.0,0.0076235541535224155,0,0.6
2020-10-21 04:55:16+00:00,1700.0,1703.333333333333,368.0,0.001960784313725312,0,0.4
2020-04-22 10:43:01+00:00,15091.666666666664,15750.0,300.0,0.043622308117062567,1,0.3
2020-05-27 08:52:07+00:00,8196.666666666666,7490.0,368.0,-0.08621390809272055,1,0.4
2020-07-20 09:15:03+00:00,3425.0,3559.166666666666,1211.0,0.03917274939172732,0,0.8
2020-09-21 15:03:38+00:00,3064.166666666666,3096.666666666666,43.0,0.01060647266793582,0,0.1
2020-02-11 08:14:50+00:00,4540.0,4613.333333333333,5.0,0.016152716593245162,0,0
2020-07-27 14:26:14+00:00,5333.333333333333,5435.0,190.0,0.01906250000000006,0,0.2
2020-09-07 06:45:41+00:00,923.3333333333336,892.6666666666665,1252.0,-0.033212996389892134,0,0.9
2020-12-20 15:25:06+00:00,11266.666666666664,11683.333333333336,51.0,0.0369822485207105,0,0.1
2020-08-06 09:24:24+00:00,10716.666666666666,9213.333333333334,175.0,-0.14027993779160175,1,0.2
2021-01-05 14:32:16+00:00,21816.666666666668,22625.0,905.0,0.03705118411000758,0,0.8
2020-10-14 23:47:36+00:00,24016.66666666667,24300.0,961.0,0.011797362942400906,0,0.8
2021-01-05 14:32:16+00:00,2200.0,2218.333333333333,905.0,0.008333333333333196,0,0.8
2020-07-21 00:58:13+00:00,379916.66666666674,369833.33333333326,5362.0,-0.02654090809388064,0,0.9
2019-05-14 13:56:00+00:00,3448.333333333333,4531.666666666667,2141.0,0.3141614306428228,1,0.9
2019-04-28 14:02:58+00:00,143666.66666666663,146750.0,896.0,0.02146171693735526,0,0.8
2020-07-07 08:26:18+00:00,5198.333333333333,4512.5,5.0,-0.13193331195896116,1,0
2020-11-10 06:16:54+00:00,19346.166666666668,19384.666666666668,41.0,0.001990058323354325,0,0.1
2020-07-30 05:22:07+00:00,3068.333333333333,3047.5,28.0,-0.006789788158609354,0,0
2020-12-29 04:45:49+00:00,2796.666666666666,3100.833333333333,368.0,0.1087604290822409,1,0.4
2019-05-23 03:14:24+00:00,7038.333333333332,6671.666666666668,821.0,-0.0520956665877335,1,0.8
2020-12-22 07:22:04+00:00,19657.166666666668,18643.33333333333,512.0,-0.051575761172770206,1,0.6
2020-05-27 05:59:33+00:00,14243.666666666664,13931.0,11951.0,-0.021951276590765317,0,0.9
2019-12-17 07:39:48+00:00,1805.833333333333,2128.333333333333,133.0,0.17858790955237658,1,0.2
2020-12-03 13:50:18+00:00,66483.33333333331,65933.33333333331,130.0,-0.00827275006267235,0,0.2
2019-10-15 02:02:33+00:00,23250.0,23875.0,368.0,0.026881720430107527,0,0.4
2019-07-23 13:31:29+00:00,6236.666666666668,6248.333333333332,131.0,0.0018706574024581887,0,0.2
2020-12-22 23:33:18+00:00,24425.0,28275.0,517.0,0.15762538382804506,1,0.6
2020-11-12 03:04:53+00:00,8178.333333333332,8085.0,682.0,-0.011412268188302278,0,0.7
2021-01-13 08:00:21+00:00,81050.0,80933.33333333331,833.0,-0.0014394406744810127,0,0.8
2019-10-15 05:04:23+00:00,43750.0,44175.0,81.0,0.009714285714285712,0,0.1
2020-07-07 09:22:37+00:00,6696.666666666668,6961.666666666668,1248.0,0.0395719263315082,0,0.8
2021-02-01 09:35:59+00:00,732500.0,751333.3333333335,6293.0,0.025711035267349476,0,0.9
2020-04-21 07:00:14+00:00,25200.0,23550.0,365.0,-0.06547619047619048,1,0.3
2021-01-26 11:41:26+00:00,4115.0,4884.166666666667,61.0,0.1869177804779264,1,0.1
2020-12-28 05:53:24+00:00,156666.66666666663,157416.66666666663,368.0,0.004787234042553192,0,0.4
2020-06-02 10:31:50+00:00,234250.0,231833.33333333328,476.0,-0.010316613304873918,0,0.5
2021-01-05 08:16:44+00:00,24900.0,33225.0,5.0,0.3343373493975904,1,0
2020-10-19 06:25:41+00:00,5871.666666666668,5936.666666666668,6432.0,0.011070110701107009,0,0.9
2020-12-14 13:41:43+00:00,74816.66666666669,71150.0,252.0,-0.049008687903765,1,0.3
2020-10-12 10:44:03+00:00,10191.666666666666,9363.333333333334,1332.0,-0.08127555192150439,1,0.9
2020-08-05 09:56:14+00:00,15844.666666666664,16081.166666666664,374.0,0.014926158118399462,0,0.4
2020-09-06 10:40:39+00:00,4207.5,3824.166666666666,465.0,-0.09110714993067948,1,0.5
2020-06-21 14:18:28+00:00,18825.0,19883.33333333333,226.0,0.05621956617972528,1,0.3
2020-10-12 02:59:00+00:00,4723.333333333333,4588.333333333333,682.0,-0.02858151023288638,0,0.7
2020-07-07 08:26:18+00:00,1564.166666666667,1569.166666666667,5.0,0.0031965903036760787,0,0
2019-10-24 12:58:22+00:00,17600.0,26008.33333333333,97.0,0.4777462121212118,1,0.1
2020-12-15 14:14:47+00:00,9398.333333333334,9506.666666666666,104.0,0.011526866465685277,0,0.1
2020-07-26 13:29:25+00:00,15016.666666666664,16150.0,28.0,0.07547169811320772,1,0
2020-07-22 12:51:24+00:00,4960.833333333333,5025.0,190.0,0.012934654795901288,0,0.2
2020-12-07 14:47:26+00:00,79850.0,85983.33333333331,369.0,0.07681068670423688,1,0.4
2020-10-21 04:55:16+00:00,62700.0,63366.66666666666,368.0,0.010632642211589426,0,0.4
2020-09-02 08:30:04+00:00,22916.66666666667,23075.0,1387.0,0.0069090909090906965,0,0.9
2020-09-01 10:14:20+00:00,11883.333333333336,12908.333333333336,67.0,0.08625525946704066,1,0.1
2021-01-25 08:28:36+00:00,6765.0,6671.666666666668,368.0,-0.013796501601379471,0,0.4
2021-01-10 13:31:28+00:00,11275.0,11600.0,476.0,0.028824833702882482,0,0.5
2020-04-22 15:07:47+00:00,1415.0,1550.0,110.0,0.09540636042402828,1,0.2
2020-05-06 07:58:18+00:00,100683.33333333331,98583.33333333331,365.0,-0.020857473928157597,0,0.3
2021-01-20 03:00:42+00:00,2355.0,2288.333333333333,682.0,-0.028308563340410608,0,0.7
2019-05-02 13:18:29+00:00,5368.166666666667,6238.166666666668,149.0,0.16206650315129328,1,0.2
2020-04-22 08:45:54+00:00,2570.833333333333,3537.5,504.0,0.37601296596434375,1,0.6
2020-02-10 23:16:11+00:00,6248.333333333332,6675.0,368.0,0.06828487596692473,1,0.4
2021-01-13 08:00:21+00:00,168950.0,161050.0,833.0,-0.04675939627108612,1,0.8
2020-10-19 08:47:44+00:00,2407.5,2808.333333333333,1019.0,0.16649359640013833,1,0.8
2020-11-02 08:06:37+00:00,1656.666666666667,1710.833333333333,11951.0,0.032696177062373884,0,0.9
2020-12-14 06:29:49+00:00,6541.666666666668,6411.666666666668,368.0,-0.01987261146496815,0,0.4
2021-01-19 10:24:18+00:00,7398.333333333332,8420.0,905.0,0.13809416535255706,1,0.8
2020-10-22 21:36:38+00:00,135166.66666666663,141916.66666666663,250.0,0.04993834771886562,1,0.3
2021-01-27 11:38:18+00:00,35033.333333333336,34891.666666666664,59.0,-0.004043767840152374,0,0.1
2020-07-27 13:25:51+00:00,5861.666666666668,5196.666666666667,28.0,-0.1134489621836794,1,0
2021-02-01 08:14:34+00:00,1331.6666666666667,1655.0,5.0,0.2428035043804755,1,0
2020-02-16 13:30:02+00:00,10483.333333333334,9923.333333333334,2141.0,-0.0534181240063593,1,0.9
2020-09-03 10:00:02+00:00,2364.1666666666665,2213.333333333333,443.0,-0.06379978850898843,1,0.5
2019-10-14 08:06:30+00:00,4654.166666666667,3281.666666666666,2141.0,-0.2948970456580127,1,0.9
2019-11-07 17:06:46+00:00,1595.0,1554.166666666667,413.0,-0.02560083594566334,0,0.5
2020-08-24 10:30:07+00:00,14416.666666666664,14241.666666666664,134.0,-0.012138728323699423,0,0.2
2021-01-21 12:11:37+00:00,987.3333333333336,1275.8333333333333,905.0,0.2922012153950029,1,0.8
2019-10-21 05:15:21+00:00,8041.666666666668,7938.333333333332,368.0,-0.012849740932642786,0,0.4
2020-09-13 06:56:24+00:00,12708.333333333336,13933.333333333336,2291.0,0.0963934426229508,1,0.9
2020-02-18 11:33:00+00:00,23050.0,22541.66666666667,300.0,-0.02205350686912488,0,0.3
2020-11-23 17:13:50+00:00,296567.0,295830.5,163.0,-0.002483418586693732,0,0.2
2020-06-11 07:52:37+00:00,53550.0,52850.0,96.0,-0.013071895424836602,0,0.1
2020-07-01 09:05:08+00:00,3324.166666666666,3325.0,79.0,0.0002506893958387385,0,0.1
2021-01-27 02:07:52+00:00,67066.66666666669,64600.0,608.0,-0.03677932405566628,0,0.7
2020-06-04 09:40:36+00:00,225371.0,243047.0,126.0,0.07843067652892342,1,0.2
2020-07-14 08:55:26+00:00,17325.0,16150.0,175.0,-0.06782106782106782,1,0.2
2020-10-28 08:04:21+00:00,2804.166666666666,2864.166666666666,391.0,0.02139673105497772,0,0.5
2021-01-19 10:24:18+00:00,9080.0,10043.333333333334,905.0,0.10609397944199712,1,0.8
2021-01-19 03:49:27+00:00,8525.0,10541.666666666666,418.0,0.23655913978494614,1,0.5
2020-10-06 06:59:19+00:00,2875.0,2945.0,1074.0,0.024347826086956518,0,0.8
2021-01-25 13:33:16+00:00,17666.666666666668,17433.333333333332,471.0,-0.013207547169811457,0,0.5
2021-01-25 07:55:21+00:00,86866.66666666669,88666.66666666669,374.0,0.020721412125863387,0,0.4
2020-12-16 09:06:43+00:00,9506.666666666666,10083.333333333334,620.0,0.0606591865357645,1,0.7
2020-11-26 14:45:00+00:00,9765.0,9856.666666666666,582.0,0.009387267451783518,0,0.7
2020-04-02 07:45:48+00:00,7225.0,10246.666666666666,321.0,0.4182237600922721,1,0.3
2021-01-25 13:21:01+00:00,22200.0,21558.33333333333,278.0,-0.028903903903904123,0,0.3
2020-12-07 08:40:08+00:00,833833.3333333335,860166.6666666665,1387.0,0.03158105136917812,0,0.9
2020-11-05 04:10:44+00:00,3539.166666666666,3548.333333333333,472.0,0.002590063574287819,0,0.5
2020-10-19 01:38:14+00:00,48016.66666666666,47516.66666666666,368.0,-0.01041305102395002,0,0.4
2020-12-23 07:29:42+00:00,33383.333333333336,33875.0,705.0,0.014727908137793238,0,0.8
2020-12-07 07:23:31+00:00,11766.666666666664,12066.666666666664,293.0,0.025495750708215303,0,0.3
2020-10-07 11:00:22+00:00,14650.0,16625.0,393.0,0.1348122866894198,1,0.5
2020-08-24 10:30:07+00:00,10006.666666666666,9795.0,134.0,-0.021152564956695482,0,0.2
2019-12-05 08:46:03+00:00,1207.5,1225.0,117.0,0.014492753623188406,0,0.2
2021-01-25 06:55:41+00:00,6661.666666666668,6665.0,6235.0,0.0005003752814609137,0,0.9
2020-09-09 02:26:57+00:00,4601.666666666667,4622.5,682.0,0.0045273451647952975,0,0.7
2020-06-02 22:59:09+00:00,3190.0,3215.0,9.0,0.007836990595611285,0,0
2020-07-22 14:33:36+00:00,1457.5,1592.5,471.0,0.09262435677530018,1,0.5
2020-07-07 08:26:18+00:00,869.8333333333335,833.8333333333335,5.0,-0.041387238934661806,1,0
2020-07-05 13:04:37+00:00,6070.0,6405.0,2141.0,0.05518945634266886,1,0.9
2020-05-07 10:11:01+00:00,7931.666666666668,8646.666666666666,1332.0,0.09014498844294996,1,0.9
2020-03-23 14:37:38+00:00,32146.5,50401.16666666666,484.0,0.5678586056543219,1,0.6
2020-07-26 13:29:25+00:00,46650.0,49091.66666666666,28.0,0.05234012147195406,1,0
2020-12-29 15:52:03+00:00,33533.333333333336,38966.66666666666,344.0,0.1620278330019877,1,0.3
2021-02-04 03:42:49+00:00,2624.1666666666665,2336.6666666666665,494.0,-0.10955859002858052,1,0.6
2021-01-28 10:18:30+00:00,24608.33333333333,25758.33333333333,183.0,0.04673213681002372,1,0.2
2019-10-28 07:47:53+00:00,25158.33333333333,24850.0,1248.0,-0.012255713812520512,0,0.8
2020-05-18 09:34:28+00:00,14383.333333333336,15058.333333333336,368.0,0.046929316338354565,1,0.4
2020-04-22 10:43:01+00:00,2570.833333333333,3537.5,300.0,0.37601296596434375,1,0.3
2020-12-23 02:56:53+00:00,17983.333333333332,16883.333333333332,682.0,-0.06116774791473587,1,0.7
2020-05-28 05:25:31+00:00,12775.0,12333.333333333336,12.0,-0.03457273320287001,0,0
2020-07-27 13:25:51+00:00,2710.0,2430.833333333333,28.0,-0.10301353013530147,1,0
2019-12-17 08:34:13+00:00,1805.833333333333,2128.333333333333,18.0,0.17858790955237658,1,0
2019-06-18 14:27:21+00:00,473.5,468.5,484.0,-0.010559662090813094,0,0.6
2020-05-05 06:27:35+00:00,10733.333333333334,11908.333333333336,516.0,0.10947204968944116,1,0.6
2020-04-22 10:43:01+00:00,15091.666666666664,15750.0,300.0,0.043622308117062567,1,0.3
2019-05-07 07:47:35+00:00,1709.166666666667,1732.5,368.0,0.013651877133105622,0,0.4
2020-12-13 12:31:41+00:00,8653.333333333334,8541.666666666666,129.0,-0.012904468412943128,0,0.2
2020-10-19 10:19:13+00:00,135583.33333333337,134083.33333333337,2141.0,-0.01106330669944683,0,0.9
2021-01-20 12:28:40+00:00,4471.666666666667,4221.666666666667,59.0,-0.05590756615728661,1,0.1
2021-02-01 07:37:02+00:00,3479.166666666666,3134.166666666666,38.0,-0.0991616766467066,1,0.1
2020-04-22 10:43:01+00:00,4965.833333333333,6200.0,300.0,0.24853163282429944,1,0.3
2020-10-25 00:00:02+00:00,806166.6666666665,799666.6666666665,853.0,-0.008062848873268556,0,0.8
2021-02-03 10:35:36+00:00,4751.666666666667,4535.0,49.0,-0.04559803577692044,1,0.1
2020-11-19 09:57:05+00:00,9465.0,10833.333333333334,504.0,0.14456770558196871,1,0.6
2021-01-27 08:31:39+00:00,15616.666666666664,15125.0,1537.0,-0.03148345784418342,0,0.9
2020-11-19 08:37:22+00:00,7603.333333333332,7635.0,402.0,0.004164839982463992,0,0.5
2020-08-11 08:55:40+00:00,10683.333333333334,11766.666666666664,368.0,0.1014040561622462,1,0.4
2020-04-13 08:59:41+00:00,6800.0,6246.666666666668,759.0,-0.08137254901960768,1,0.8
2020-07-15 21:51:14+00:00,23075.0,22983.33333333333,190.0,-0.0039725532683281255,0,0.2
2020-10-22 21:36:38+00:00,63383.33333333334,62466.66666666666,250.0,-0.014462266631606931,0,0.3
2019-11-28 10:54:57+00:00,20800.0,25483.33333333333,682.0,0.22516025641025614,1,0.7
2021-02-02 11:02:10+00:00,78600.0,79216.66666666669,70.0,0.007845631891433665,0,0.1
2020-09-15 09:20:43+00:00,4215.0,4135.833333333333,368.0,-0.01878212732305266,0,0.4
2020-10-12 02:59:00+00:00,9491.666666666666,8856.666666666666,682.0,-0.066900790166813,1,0.7
2021-01-26 13:23:01+00:00,458583.33333333326,504583.33333333326,107.0,0.1003089224059604,1,0.2
2020-05-07 10:11:01+00:00,10500.0,12200.0,1332.0,0.1619047619047619,1,0.9
2019-10-29 09:04:56+00:00,1487.5,1475.0,9.0,-0.008403361344537815,0,0
2019-12-22 14:27:51+00:00,2150.0,2105.0,484.0,-0.02093023255813953,0,0.6
2020-11-26 05:25:52+00:00,5545.0,5351.666666666667,337.0,-0.034866245867147524,0,0.3
2020-10-12 02:59:00+00:00,3275.0,3185.0,682.0,-0.02748091603053435,0,0.7
2020-09-02 14:34:41+00:00,210550.0,219866.66666666663,484.0,0.04424918863294528,1,0.6
2019-11-14 11:08:18+00:00,5050.0,5308.333333333333,391.0,0.05115511551155109,1,0.5
2020-10-19 01:38:14+00:00,48016.66666666666,47516.66666666666,368.0,-0.01041305102395002,0,0.4
2020-07-27 13:25:51+00:00,5861.666666666668,5196.666666666667,28.0,-0.1134489621836794,1,0
2020-05-27 08:52:07+00:00,32600.0,31666.66666666667,368.0,-0.0286298568507156,0,0.4
2020-11-08 13:31:50+00:00,12083.333333333336,12000.0,24.0,-0.0068965517241381296,0,0
2020-10-27 03:05:31+00:00,4375.833333333333,4375.833333333333,682.0,0.0,0,0.7
2019-12-12 09:31:13+00:00,1855.833333333333,1756.666666666667,368.0,-0.053435114503816473,1,0.4
2021-01-25 13:33:16+00:00,3024.166666666666,2953.333333333333,471.0,-0.023422430421603645,0,0.5
2021-01-18 02:52:09+00:00,3657.5,3547.5,682.0,-0.030075187969924814,0,0.7
2020-07-15 21:51:14+00:00,1213.3333333333333,1237.5,190.0,0.019917582417582482,0,0.2
2019-07-18 14:28:21+00:00,3993.333333333334,4181.666666666667,484.0,0.047161936560934814,1,0.6
2019-02-19 12:33:41+00:00,1796.0,2549.5,484.0,0.4195434298440979,1,0.6
2020-10-27 03:05:31+00:00,12616.666666666664,12991.666666666664,682.0,0.029722589167767512,0,0.7
2021-01-11 21:15:00+00:00,2857.5,3335.0,134.0,0.16710411198600175,1,0.2
2021-01-17 11:03:44+00:00,226750.0,205666.66666666663,126.0,-0.09298052186696083,1,0.2
2020-05-28 09:20:16+00:00,13666.666666666664,16366.666666666664,504.0,0.19756097560975613,1,0.6
2019-04-17 01:00:02+00:00,1156.6666666666667,1150.0,821.0,-0.005763688760806982,0,0.8
2021-01-20 10:10:48+00:00,1187.5,1300.0,620.0,0.09473684210526316,1,0.7
2021-01-28 10:18:30+00:00,1655.833333333333,1738.333333333333,183.0,0.049823855057876204,1,0.2
2020-08-25 13:35:02+00:00,22041.66666666667,28050.0,189.0,0.2725897920604912,1,0.2
2020-12-07 08:58:59+00:00,8655.0,9143.333333333334,652.0,0.056422106682072086,1,0.7
2019-11-19 11:54:16+00:00,3820.0,4681.666666666667,1252.0,0.22556719022687616,1,0.9
2019-11-12 13:59:47+00:00,5540.0,6080.0,443.0,0.09747292418772564,1,0.5
2019-06-12 12:02:28+00:00,1002.0,1378.333333333333,1587.0,0.3755821689953424,1,0.9
2020-07-15 06:54:10+00:00,4007.5,4056.666666666666,149.0,0.012268662923684606,0,0.2
2020-11-26 08:10:28+00:00,4884.166666666667,6466.666666666668,512.0,0.32400614229653657,1,0.6
2020-07-14 08:55:26+00:00,13916.666666666664,12258.333333333336,175.0,-0.11916167664670625,1,0.2
2021-01-25 13:21:01+00:00,22200.0,21558.33333333333,278.0,-0.028903903903904123,0,0.3
2020-07-22 14:33:36+00:00,12108.333333333336,12783.333333333336,471.0,0.05574673090158292,1,0.5
2021-01-25 09:50:14+00:00,1492.5,1291.6666666666667,622.0,-0.13456169737576767,1,0.7
2020-10-21 04:55:16+00:00,4496.666666666667,4504.166666666667,368.0,0.0016679021497405485,0,0.4
2019-12-22 14:27:51+00:00,21933.33333333333,22416.66666666667,484.0,0.022036474164134186,0,0.6
2020-06-25 06:03:17+00:00,10816.666666666666,11141.666666666664,682.0,0.03004622496147903,0,0.7
2019-08-20 09:51:04+00:00,3155.0,3364.166666666666,905.0,0.06629688325409384,1,0.8
2020-07-23 06:17:46+00:00,4682.5,4380.0,174.0,-0.06460224239188468,1,0.2
2020-07-12 14:48:49+00:00,10958.333333333334,12766.666666666664,73.0,0.16501901140684386,1,0.1
2020-07-21 05:07:55+00:00,20000.0,19837.5,29.0,-0.008125,0,0
2020-08-25 08:00:04+00:00,278083.33333333326,276000.0,512.0,-0.007491759065028192,0,0.6
2019-05-07 07:47:35+00:00,44833.33333333334,44350.0,368.0,-0.010780669144981629,0,0.4
2019-12-16 10:52:54+00:00,2514.1666666666665,2544.1666666666665,368.0,0.01193238316208154,0,0.4
2020-05-25 07:30:02+00:00,6988.333333333332,7386.666666666668,365.0,0.056999761507274385,1,0.3
2019-12-16 10:52:54+00:00,2557.5,2569.1666666666665,368.0,0.004561746497230309,0,0.4
2021-02-03 11:10:09+00:00,73633.33333333331,76566.66666666669,142.0,0.03983703033046681,0,0.2
2020-08-04 10:01:13+00:00,2781.166666666666,2794.333333333333,28.0,0.004734224246419478,0,0
2020-11-17 23:28:23+00:00,31425.0,31725.0,6293.0,0.00954653937947494,0,0.9
2021-01-27 09:51:23+00:00,13191.666666666664,12508.333333333336,6235.0,-0.051800379027163265,1,0.9
2020-07-26 13:29:25+00:00,4508.333333333333,5861.666666666668,28.0,0.3001848428835493,1,0
2020-07-06 04:49:58+00:00,1697.5,1726.666666666667,274.0,0.017182130584192618,0,0.3
2019-12-12 09:31:13+00:00,1855.833333333333,1756.666666666667,368.0,-0.053435114503816473,1,0.4
2020-07-02 02:39:28+00:00,20058.33333333333,21458.33333333333,96.0,0.06979642708766101,1,0.1
2020-05-07 12:16:04+00:00,59050.0,59666.66666666666,300.0,0.010443127293254141,0,0.3
2020-12-23 08:00:35+00:00,92700.0,120083.33333333331,1387.0,0.2953973390866593,1,0.9
2020-07-22 12:51:24+00:00,1608.333333333333,1597.5,190.0,-0.0067357512953366006,0,0.2
2021-01-28 05:35:29+00:00,34775.0,34791.666666666664,38.0,0.0004792715073088208,0,0.1
2021-01-19 09:34:32+00:00,1692.5,1548.333333333333,6235.0,-0.08517971442639112,1,0.9
2021-01-21 09:03:02+00:00,87383.33333333331,88483.33333333331,705.0,0.012588212855235556,0,0.8
2019-02-20 13:55:25+00:00,51850.0,54516.66666666666,484.0,0.05143040822886513,1,0.6
2020-07-09 08:10:46+00:00,3495.833333333333,3544.166666666666,5.0,0.01382598331346833,0,0
2020-07-22 12:51:24+00:00,3552.5,3552.5,190.0,0.0,0,0.2
2019-08-06 14:08:11+00:00,4464.166666666667,5603.333333333332,602.0,0.2551801381370166,1,0.7
2020-06-01 11:47:40+00:00,17175.0,18508.33333333333,66.0,0.07763221737020835,1,0.1
2020-03-23 14:37:38+00:00,2670.833333333333,2434.1666666666665,484.0,-0.08861154446177842,1,0.6
2020-06-25 09:39:52+00:00,29250.0,30500.0,368.0,0.042735042735042736,1,0.4
2021-01-28 22:59:24+00:00,17558.333333333332,17291.666666666668,721.0,-0.015187470336971862,0,0.8
2020-10-26 03:07:20+00:00,23425.0,21683.33333333333,682.0,-0.07435076485236591,1,0.7
2020-10-21 12:02:44+00:00,1935.0,2415.833333333333,504.0,0.2484926787252367,1,0.6
2020-11-23 08:00:10+00:00,3101.666666666666,3510.833333333333,1211.0,0.13191832348199906,1,0.8
2019-02-20 13:55:25+00:00,2549.5,2698.0,484.0,0.05824671504216512,1,0.6
2020-06-02 21:34:16+00:00,6081.666666666668,6145.0,2141.0,0.010413812003288371,0,0.9
2020-03-23 08:24:02+00:00,6395.0,7738.333333333332,5.0,0.21005994266353906,1,0
2020-08-24 11:13:32+00:00,3594.166666666666,3775.0,368.0,0.05031300718757263,1,0.4
2020-07-22 12:51:24+00:00,41891.66666666666,44016.66666666666,190.0,0.05072607917246868,1,0.2
2020-10-07 09:43:53+00:00,16116.666666666664,15866.666666666664,494.0,-0.015511892450879009,0,0.6
2020-07-26 13:29:25+00:00,2518.333333333333,2710.0,28.0,0.07610853739245546,1,0
2020-12-29 23:35:25+00:00,6273.333333333332,7145.0,368.0,0.13894792773645082,1,0.4
2020-05-12 05:53:58+00:00,11041.666666666664,10350.0,368.0,-0.06264150943396206,1,0.4
2019-10-30 08:04:33+00:00,3205.0,3122.5,9.0,-0.02574102964118565,0,0
2020-05-26 15:21:28+00:00,14100.0,19683.33333333333,484.0,0.3959810874704489,1,0.6
2020-12-01 23:22:21+00:00,16533.333333333332,16858.333333333332,293.0,0.019657258064516132,0,0.3
2020-04-06 10:17:59+00:00,8650.0,9868.333333333334,443.0,0.14084778420038546,1,0.5
2020-08-04 10:01:13+00:00,6575.0,6695.0,28.0,0.01825095057034221,0,0
2020-03-30 05:05:05+00:00,2930.833333333333,3815.833333333334,87.0,0.3019618993460339,1,0.1
2020-12-10 05:21:20+00:00,8306.666666666666,8130.0,6432.0,-0.021268057784911646,0,0.9
2018-12-06 07:18:00+00:00,6063.333333333332,6035.0,51606.0,-0.004672897196261482,0,0.9
2020-12-22 07:22:04+00:00,74958.5,71673.33333333331,512.0,-0.04382647287054418,1,0.6
2020-07-26 17:45:06+00:00,229500.0,324833.33333333326,78.0,0.4153957879448072,1,0.1
2021-01-10 13:31:28+00:00,45133.33333333334,47433.33333333334,476.0,0.050960118168389947,1,0.5
2020-05-07 10:11:01+00:00,110071.83333333331,119491.66666666669,1332.0,0.08557896282881973,1,0.9
2020-12-21 13:57:42+00:00,2095.833333333333,2560.833333333333,41.0,0.221868787276342,1,0.1
2019-05-20 01:22:23+00:00,4452.5,4391.666666666667,820.0,-0.013662736290473449,0,0.8
2021-01-17 11:03:44+00:00,226750.0,205666.66666666663,126.0,-0.09298052186696083,1,0.2
2020-09-14 09:35:24+00:00,104216.66666666669,111116.66666666669,418.0,0.06620822005437389,1,0.5
2021-02-02 11:02:10+00:00,45691.66666666666,45583.33333333334,70.0,-0.002370964800291387,0,0.1
2019-11-04 04:20:31+00:00,7830.0,7461.666666666668,368.0,-0.047041294167730785,1,0.4
2021-01-13 12:09:44+00:00,2825.833333333333,3512.5,59.0,0.24299616632261886,1,0.1
2020-07-27 14:26:14+00:00,1697.5,1730.833333333333,190.0,0.019636720667648325,0,0.2
2021-01-25 13:33:16+00:00,44058.33333333334,43866.66666666666,471.0,-0.00435029317193159,0,0.5
2021-02-04 14:11:43+00:00,39225.0,37950.0,162.0,-0.03250478011472276,0,0.2
2020-09-14 08:54:03+00:00,9395.0,11041.666666666664,5.0,0.17527053397197065,1,0
2020-12-01 08:08:24+00:00,8971.666666666666,9075.0,368.0,0.011517741036596762,0,0.4
2020-07-01 09:05:08+00:00,8276.666666666666,8153.333333333332,79.0,-0.014901329037454766,0,0.1
2020-12-07 14:47:26+00:00,49150.0,59683.33333333334,369.0,0.21430993557138034,1,0.4
2018-08-30 06:10:36+00:00,91048.83333333331,93150.0,3553.0,0.02307735958542416,0,0.9
2019-12-04 06:12:04+00:00,1498.333333333333,1500.0,557.0,0.001112347052280514,0,0.6
2020-11-23 06:38:45+00:00,2840.0,3158.333333333333,154.0,0.11208920187793417,1,0.2
2020-12-16 03:55:45+00:00,157400.0,153264.66666666663,682.0,-0.02627276577721329,0,0.7
2019-12-22 14:27:51+00:00,2150.0,2105.0,484.0,-0.02093023255813953,0,0.6
2020-07-30 05:22:07+00:00,1843.333333333333,1869.166666666667,28.0,0.014014466546112448,0,0
2020-10-20 08:47:47+00:00,63650.0,67033.33333333331,368.0,0.053155276250327,1,0.4
2021-01-28 15:47:39+00:00,137333.33333333337,141750.0,432.0,0.03216019417475699,0,0.5
2021-02-02 13:53:45+00:00,3980.833333333334,4494.166666666667,21.0,0.12895122461796096,1,0
2020-12-14 06:29:49+00:00,3065.0,2985.0,368.0,-0.026101141924959215,0,0.4
2020-12-01 03:54:26+00:00,4150.0,4146.666666666667,90.0,-0.0008032128514055494,0,0.1
2020-07-15 12:38:32+00:00,177198.66666666663,169954.5,41.0,-0.04088160934243276,1,0.1
2020-08-26 04:59:33+00:00,22825.0,23933.33333333333,51.0,0.048557867834976065,1,0.1
2021-02-02 08:39:04+00:00,84250.0,84600.0,927.0,0.004154302670623145,0,0.8
2020-07-15 06:30:01+00:00,1096.6666666666667,1066.6666666666667,4168.0,-0.027355623100303948,0,0.9
2020-10-22 05:05:09+00:00,4183.333333333333,4159.166666666667,472.0,-0.00577689243027874,0,0.5
2019-05-20 06:38:38+00:00,11375.0,11866.666666666664,51606.0,0.043223443223443014,1,0.9
2020-12-13 21:00:07+00:00,528.1666666666666,566.5,62.0,0.07257810034711272,1,0.1
2020-09-07 01:04:59+00:00,923.3333333333336,892.6666666666665,682.0,-0.033212996389892134,0,0.7
2021-01-05 11:00:07+00:00,670833.3333333335,695166.6666666665,833.0,0.03627329192546537,0,0.8
2020-06-21 23:46:53+00:00,2627.5,2652.5,210.0,0.009514747859181731,0,0.3
2020-05-14 08:23:52+00:00,95423.66666666669,98253.16666666669,5.0,0.029651973130355495,0,0
2021-01-13 23:02:31+00:00,8050.0,8458.333333333334,432.0,0.050724637681159486,1,0.5
2020-07-15 06:30:01+00:00,9003.333333333334,9018.333333333334,4168.0,0.0016660496112550903,0,0.9
2020-07-09 11:19:37+00:00,33333.333333333336,33350.0,905.0,0.0004999999999999272,0,0.8
2020-05-20 06:33:41+00:00,2550.833333333333,2640.833333333333,682.0,0.035282587389741916,0,0.7
2019-04-23 14:58:11+00:00,5185.0,6263.333333333332,484.0,0.2079717132754739,1,0.6
2020-12-20 23:53:03+00:00,346158.0,356059.83333333326,323.0,0.028604953036859632,0,0.3
2021-01-10 01:03:42+00:00,386500.0,372583.33333333326,126.0,-0.03600689952565781,0,0.2
