업로드 시간,해당일 평균 주가,다음날 평균 주가,influence,주가 변화율,라벨
2020-07-23 06:53:23+00:00,59766.66666666666,59666.66666666666,317.0,-0.001673173452314557,0
2020-08-06 15:05:45+00:00,8646.666666666666,11091.666666666664,5010.0,0.2827679259830376,1
2021-01-25 13:33:16+00:00,17666.666666666668,17433.333333333332,5010.0,-0.013207547169811457,0
2020-05-14 10:24:25+00:00,7081.666666666668,7068.333333333332,473.0,-0.0018827959519890454,0
2019-04-17 01:00:02+00:00,3359.166666666666,3399.166666666666,22400.0,0.011907715207144629,0
2021-01-28 10:18:30+00:00,14300.0,15441.666666666664,423.0,0.07983682983682967,1
2020-07-12 14:48:49+00:00,13158.333333333336,13441.666666666664,4250.0,0.021532615579480312,0
2019-12-17 14:32:10+00:00,1760.0,1682.5,9240.0,-0.04403409090909091,1
2020-07-15 21:51:14+00:00,496416.66666666674,497250.0,2100.0,0.0016786973308710873,0
2019-12-17 08:34:13+00:00,1805.833333333333,2128.333333333333,33.0,0.17858790955237658,1
2019-05-16 05:59:19+00:00,1513.333333333333,1532.5,1090.0,0.012665198237885663,0
2020-08-04 09:17:37+00:00,40650.0,61050.0,3570.0,0.5018450184501845,1
2020-10-25 00:00:02+00:00,233583.33333333328,234916.66666666663,529000.0,0.0057081698180521286,0
2021-01-25 13:21:01+00:00,22200.0,21558.33333333333,2320.0,-0.028903903903904123,0
2020-05-26 15:21:28+00:00,178866.66666666663,192750.0,9240.0,0.07761833768169983,1
2020-12-08 06:46:33+00:00,22133.33333333333,21716.666666666668,1090.0,-0.018825301204819008,0
2020-09-14 09:15:01+00:00,15616.666666666664,15716.666666666664,6760.0,0.0064034151547492,0
2020-01-09 09:15:04+00:00,3947.5,3919.166666666666,1090.0,-0.007177538526493716,0
2021-01-28 05:35:29+00:00,2118.333333333333,2115.833333333333,5700.0,-0.0011801730920535016,0
2019-08-20 09:51:04+00:00,129416.66666666669,141750.0,9020.0,0.09529942047649692,1
2020-07-07 08:26:18+00:00,488.83333333333326,466.0,548.0,-0.04670985339243081,1
2020-12-14 12:40:35+00:00,28891.66666666667,28675.0,4010.0,-0.007499278915489063,0
2021-01-27 09:03:11+00:00,45658.33333333334,42741.66666666666,30900.0,-0.0638802701222855,1
2020-07-06 11:21:23+00:00,759833.3333333335,757666.6666666665,473.0,-0.002851502522483409,0
2020-12-14 06:29:49+00:00,6541.666666666668,6411.666666666668,1090.0,-0.01987261146496815,0
2020-12-01 23:22:21+00:00,3854.166666666666,3920.0,937.0,0.01708108108108124,0
2020-10-21 09:02:06+00:00,3940.0,4183.333333333333,548.0,0.06175972927241955,1
2021-01-27 09:21:29+00:00,4581.666666666667,4467.5,28700.0,-0.024918152055292898,0
2020-02-20 07:19:17+00:00,8718.333333333334,13516.666666666664,2380.0,0.5503727776715729,1
2020-08-27 07:13:08+00:00,5346.666666666667,4847.5,7560.0,-0.0933603491271821,1
2020-10-29 08:43:57+00:00,7895.0,7988.333333333332,3660.0,0.01182182816128336,0
2020-03-23 14:37:38+00:00,62233.33333333334,65800.0,9240.0,0.057311194429565976,1
2020-10-19 01:38:14+00:00,48016.66666666666,47516.66666666666,1090.0,-0.01041305102395002,0
2020-09-13 21:00:03+00:00,1480.0,1588.333333333333,2030.0,0.07319819819819799,1
2020-11-29 09:37:33+00:00,9856.666666666666,9998.333333333334,3960.0,0.014372675008454641,0
2020-07-22 12:51:24+00:00,23466.66666666667,24216.66666666667,2100.0,0.031960227272727265,0
2019-12-17 14:32:10+00:00,1933.333333333333,2689.1666666666665,9240.0,0.3909482758620691,1
2020-10-06 13:39:29+00:00,5176.666666666667,5100.0,317.0,-0.01481004507405028,0
2020-08-04 09:17:37+00:00,55800.0,58500.0,3570.0,0.04838709677419355,1
2021-01-28 10:18:30+00:00,17641.666666666668,18450.0,423.0,0.04581955597543687,1
2021-01-07 10:00:11+00:00,15491.666666666664,15758.333333333336,86900.0,0.01721355567509445,0
2019-05-13 08:26:04+00:00,6630.0,8240.0,14800.0,0.24283559577677225,1
2020-02-18 11:33:00+00:00,23050.0,22541.66666666667,61400.0,-0.02205350686912488,0
2020-09-02 14:34:41+00:00,19791.666666666668,22125.0,9240.0,0.1178947368421052,1
2020-05-26 15:21:28+00:00,23466.66666666667,23141.66666666667,9240.0,-0.013849431818181816,0
2021-02-02 11:02:10+00:00,26933.33333333333,26916.66666666667,1530.0,-0.0006188118811877588,0
2020-11-26 07:59:38+00:00,4884.166666666667,6466.666666666668,18400.0,0.32400614229653657,1
2020-11-24 07:26:06+00:00,2313.333333333333,2462.5,3960.0,0.06448126801152752,1
2020-10-29 06:00:03+00:00,1898.333333333333,1937.5,105000.0,0.020632133450395246,0
2021-01-27 09:51:23+00:00,12558.333333333336,12125.0,28700.0,-0.034505640345056585,0
2020-10-19 01:38:14+00:00,48016.66666666666,47516.66666666666,1090.0,-0.01041305102395002,0
2021-01-26 13:23:01+00:00,165666.66666666663,165916.66666666663,420.0,0.0015090543259557348,0
2020-07-16 06:19:40+00:00,2861.666666666666,2960.0,163000.0,0.034362259755387516,0
2021-01-25 13:21:01+00:00,44058.33333333334,43866.66666666666,2320.0,-0.00435029317193159,0
2020-12-07 21:00:12+00:00,384292.83333333326,389612.5,39000.0,0.013842742318466548,0
2020-10-21 09:02:06+00:00,1935.0,2415.833333333333,548.0,0.2484926787252367,1
2020-06-22 12:15:12+00:00,5074.166666666667,7101.666666666668,473.0,0.3995730004926919,1
2020-09-02 07:20:27+00:00,14375.0,14608.333333333336,1090.0,0.016231884057971182,0
2018-12-03 10:27:53+00:00,1758.333333333333,2285.0,14800.0,0.2995260663507111,1
2021-01-27 11:38:18+00:00,16916.666666666668,16975.0,181.0,0.003448275862068893,0
2020-05-27 05:59:33+00:00,14658.333333333336,13725.0,105000.0,-0.0636725412166005,1
2021-02-02 13:53:45+00:00,1221.6666666666667,1255.8333333333333,255.0,0.02796725784447464,0
2021-01-05 08:16:44+00:00,57616.66666666666,80750.0,548.0,0.4015041943881981,1
2020-02-11 08:14:50+00:00,4540.0,4613.333333333333,548.0,0.016152716593245162,0
2020-08-13 10:42:07+00:00,24875.0,24291.66666666667,14600.0,-0.023450586264656417,0
2020-10-22 17:06:04+00:00,26241.66666666667,25466.66666666667,2490.0,-0.029533185138139087,0
2020-05-26 09:37:58+00:00,7386.666666666668,8196.666666666666,1090.0,0.10965703971119108,1
2020-07-20 08:54:23+00:00,1115.0,1104.1666666666667,50100.0,-0.009715994020926688,0
2020-12-16 12:35:45+00:00,5293.333333333333,5503.333333333332,17900.0,0.03967254408060437,0
2018-08-30 06:10:36+00:00,32350.0,31975.0,35900.0,-0.011591962905718702,0
2019-10-24 04:59:43+00:00,11916.666666666664,12675.0,2380.0,0.06363636363636385,1
2020-12-16 07:52:54+00:00,58716.66666666666,73233.33333333331,548.0,0.2472324723247231,1
2021-01-19 10:00:01+00:00,1440.0,1423.333333333333,10800.0,-0.011574074074074285,0
2020-08-13 09:15:42+00:00,3859.166666666666,3500.0,50600.0,-0.09306845173828532,1
2020-08-12 12:47:25+00:00,85600.0,91600.0,4450.0,0.07009345794392523,1
2021-01-27 09:51:23+00:00,46541.66666666666,44266.66666666666,28700.0,-0.048880931065353635,1
2020-11-10 01:27:25+00:00,24916.66666666667,22466.66666666667,7420.0,-0.0983277591973244,1
2019-10-22 09:39:09+00:00,9921.666666666666,11858.333333333336,43500.0,0.195195699647237,1
2021-01-14 12:12:27+00:00,207250.0,209166.66666666663,4400.0,0.00924809006835526,0
2020-12-17 16:21:01+00:00,16641.666666666668,15958.333333333336,1670.0,-0.0410615923885828,1
2020-09-07 01:04:59+00:00,2950.0,3212.5,1950.0,0.08898305084745763,1
2020-06-02 09:08:32+00:00,47816.66666666666,48300.33333333334,1090.0,0.0101150226559781,0
2020-05-07 00:17:20+00:00,4101.666666666667,4147.5,2100.0,0.011174319382364815,0
2020-05-12 05:53:58+00:00,11041.666666666664,10350.0,1090.0,-0.06264150943396206,1
2020-05-07 00:17:20+00:00,8435.0,8145.0,2100.0,-0.03438055720213397,0
2020-05-26 08:21:06+00:00,11141.666666666664,14658.333333333336,18400.0,0.315632011967091,1
2020-10-19 01:38:14+00:00,16925.0,16304.166666666664,1090.0,-0.03668143771541127,0
2020-09-15 09:20:43+00:00,7388.333333333332,7366.666666666668,1090.0,-0.002932551319647766,0
2019-02-25 14:33:58+00:00,2153.333333333333,2428.333333333333,9240.0,0.1277089783281734,1
2020-09-22 04:37:12+00:00,357.0,353.66666666666674,3580.0,-0.009337068160597359,0
2020-08-11 08:55:40+00:00,8585.0,8791.666666666666,1090.0,0.02407299553484753,0
2020-11-11 06:58:38+00:00,4128.333333333333,4260.833333333333,5760.0,0.032095276544206706,0
2020-06-02 09:08:32+00:00,22566.66666666667,22241.66666666667,1090.0,-0.014401772525849331,0
2020-11-17 23:28:23+00:00,90750.0,94783.33333333331,163000.0,0.04444444444444423,1
2020-12-08 12:23:56+00:00,389612.5,351395.33333333326,17900.0,-0.0980901964558805,1
2020-06-14 15:12:13+00:00,123000.0,123000.0,3030.0,0.0,0
2020-08-05 12:02:28+00:00,57083.33333333334,57583.33333333334,1150.0,0.00875912408759124,0
2021-01-26 13:23:01+00:00,24341.66666666667,25166.66666666667,420.0,0.03389250256761382,0
2020-06-18 09:13:17+00:00,111121.83333333331,108458.83333333331,50100.0,-0.023964687407665164,0
2019-02-17 05:43:44+00:00,4901.666666666667,4824.166666666667,17500.0,-0.015810948656919413,0
2020-10-21 04:55:16+00:00,5050.0,5128.333333333333,1090.0,0.015511551155115454,0
2021-02-01 09:11:25+00:00,732500.0,751333.3333333335,192000.0,0.025711035267349476,0
2020-10-29 08:36:11+00:00,3095.0,4103.333333333333,39000.0,0.3257942918686052,1
2020-07-06 12:05:42+00:00,1684.166666666667,1711.666666666667,1150.0,0.016328550222662046,0
2020-12-22 07:22:04+00:00,74958.5,71673.33333333331,18400.0,-0.04382647287054418,1
2021-01-25 13:33:16+00:00,22200.0,21558.33333333333,5010.0,-0.028903903903904123,0
2019-04-29 09:44:46+00:00,4313.333333333333,4345.833333333333,1090.0,0.007534775888717156,0
2020-07-26 13:29:25+00:00,7691.666666666668,10016.666666666666,317.0,0.30227518959913297,1
2019-04-28 14:02:58+00:00,12711.0,13000.833333333336,78800.0,0.022801772742768917,0
2020-11-09 12:14:45+00:00,12000.0,11608.333333333336,9020.0,-0.03263888888888869,0
2020-07-06 12:05:42+00:00,1711.666666666667,1752.5,1150.0,0.02385589094449836,0
2019-05-22 01:25:06+00:00,6508.333333333332,6690.0,7390.0,0.02791293213828444,0
2021-01-20 12:28:40+00:00,4471.666666666667,4221.666666666667,181.0,-0.05590756615728661,1
2021-01-25 13:33:16+00:00,44058.33333333334,43866.66666666666,5010.0,-0.00435029317193159,0
2020-09-06 14:35:19+00:00,79816.66666666669,86783.33333333331,1950.0,0.08728335769471655,1
2020-04-02 08:29:04+00:00,13616.666666666664,14250.0,548.0,0.04651162790697693,1
2019-09-05 08:11:41+00:00,1200.0,1198.3333333333333,2380.0,-0.001388888888888952,0
2020-07-09 11:19:37+00:00,9133.333333333334,9591.666666666666,43500.0,0.05018248175182468,1
2020-03-02 09:59:44+00:00,1136.6666666666667,1216.6666666666667,1090.0,0.07038123167155425,1
2020-07-26 13:29:25+00:00,46650.0,49091.66666666666,317.0,0.05234012147195406,1
2019-11-07 08:43:11+00:00,17745.5,17713.666666666668,14800.0,-0.0017938820170371149,0
2020-08-04 09:17:37+00:00,133071.0,189670.33333333328,3570.0,0.4253318403959787,1
2020-06-22 12:15:12+00:00,25650.66666666667,24861.66666666667,473.0,-0.0307594344526458,0
2020-05-14 10:24:25+00:00,8221.666666666666,8233.333333333334,473.0,0.0014190147982973296,0
2020-12-23 02:59:19+00:00,2975.0,2987.5,529000.0,0.004201680672268907,0
2020-07-27 13:25:51+00:00,2710.0,2430.833333333333,317.0,-0.10301353013530147,1
2021-01-11 11:52:47+00:00,167050.0,173100.0,21200.0,0.0362167015863514,0
2020-10-19 05:47:41+00:00,6860.0,6835.0,1640.0,-0.003644314868804665,0
2020-11-12 09:01:29+00:00,2620.833333333333,3176.666666666666,7560.0,0.21208267090620025,1
2020-05-26 06:53:58+00:00,7386.666666666668,8196.666666666666,16500.0,0.10965703971119108,1
2020-05-20 07:00:19+00:00,4878.333333333333,4923.333333333333,14700.0,0.009224461906388795,0
2020-12-07 07:23:31+00:00,8576.666666666666,8466.666666666666,937.0,-0.012825495530509134,0
2020-05-07 10:11:01+00:00,2880.0,2950.833333333333,473.0,0.0245949074074073,0
2021-01-25 13:33:16+00:00,22200.0,21558.33333333333,5010.0,-0.028903903903904123,0
2021-01-19 07:21:48+00:00,7175.0,8026.666666666668,236.0,0.11869918699187007,1
2020-12-09 14:52:27+00:00,14316.666666666664,14391.666666666664,1100.0,0.005238649592549477,0
2020-12-23 08:23:25+00:00,1981.666666666667,1810.833333333333,1090.0,-0.08620689655172444,1
2020-05-07 10:11:01+00:00,110071.83333333331,119491.66666666669,473.0,0.08557896282881973,1
2020-09-03 09:30:48+00:00,41662.16666666666,37941.16666666666,28300.0,-0.08931364587375439,1
2020-07-30 05:22:07+00:00,1843.333333333333,1869.166666666667,317.0,0.014014466546112448,0
2020-12-01 08:08:24+00:00,8210.0,8280.0,1090.0,0.008526187576126675,0
2021-01-19 03:49:27+00:00,5210.0,5833.333333333332,4510.0,0.11964171465131135,1
2021-01-27 04:32:09+00:00,66250.0,65866.66666666669,2250.0,-0.005786163522012285,0
2020-12-08 12:23:56+00:00,224811.5,206082.66666666663,17900.0,-0.08330905373316477,1
2020-05-07 00:17:20+00:00,12750.0,13366.666666666664,2100.0,0.04836601307189523,1
2020-08-24 10:30:07+00:00,10006.666666666666,9795.0,2030.0,-0.021152564956695482,0
2020-09-16 08:30:08+00:00,12375.0,12233.333333333336,3580.0,-0.011447811447811252,0
2021-01-18 00:32:11+00:00,2271.6666666666665,2168.333333333333,203.0,-0.04548789435069706,1
2020-02-04 06:53:06+00:00,2001.666666666667,2048.333333333333,19900.0,0.023313905079100444,0
2020-07-26 13:29:25+00:00,4045.0,4651.666666666667,317.0,0.14997939843428107,1
2020-10-29 08:36:11+00:00,3963.333333333334,4551.666666666667,39000.0,0.14844407064760293,1
2021-01-12 06:10:29+00:00,89900.0,90083.33333333331,19900.0,0.0020393029291803553,0
2020-12-08 12:23:56+00:00,166013.66666666663,147168.16666666663,17900.0,-0.1135177625938427,1
2020-12-13 00:00:09+00:00,15725.0,15616.666666666664,229.0,-0.0068892421833599855,0
2019-12-25 15:56:46+00:00,1087.8333333333333,954.5,3580.0,-0.12256779531178175,1
2020-09-07 01:04:59+00:00,27766.66666666667,27733.33333333333,1950.0,-0.00120048019207718,0
2019-12-22 14:27:51+00:00,3846.666666666666,3935.0,9240.0,0.02296360485268647,0
2020-06-04 04:38:12+00:00,21100.0,20183.33333333333,1950.0,-0.04344391785150102,1
2021-01-28 05:35:29+00:00,2118.333333333333,2115.833333333333,5700.0,-0.0011801730920535016,0
2020-10-07 05:42:05+00:00,15058.333333333336,15116.666666666664,1640.0,0.003873824017708587,0
2021-02-01 07:37:02+00:00,2999.166666666666,2447.5,5700.0,-0.18393998332870226,1
2020-04-01 11:09:24+00:00,12750.0,13616.666666666664,103.0,0.06797385620915014,1
2021-01-27 09:03:11+00:00,24408.33333333333,22716.66666666667,30900.0,-0.06930693069306892,1
2020-03-04 01:08:39+00:00,1678.333333333333,1723.333333333333,19900.0,0.02681231380337637,0
2019-06-18 14:27:21+00:00,729.8333333333335,953.0,9240.0,0.3057775747887643,1
2020-04-06 01:28:10+00:00,9128.333333333334,9260.0,1100.0,0.014423954719737016,0
2020-07-15 06:30:02+00:00,1725.0,1748.333333333333,7040.0,0.013526570048309004,0
2020-08-06 09:36:48+00:00,3048.0,2781.0,1090.0,-0.08759842519685039,1
2019-01-23 12:37:56+00:00,4204.0,3967.5,43400.0,-0.056255946717411985,1
2020-11-26 05:22:30+00:00,60283.33333333334,60550.0,61400.0,0.004423555432678854,0
2020-12-09 09:59:53+00:00,2241.6666666666665,2010.0,5110.0,-0.10334572490706312,1
2020-03-12 04:39:04+00:00,11275.0,9783.333333333334,706.0,-0.1322985957132298,1
2020-07-08 06:01:30+00:00,1089.1666666666667,1094.1666666666667,1950.0,0.0045906656465187455,0
2020-07-15 06:54:10+00:00,4007.5,4056.666666666666,776.0,0.012268662923684606,0
2020-10-22 05:05:09+00:00,2415.833333333333,2327.5,1640.0,-0.03656433252845797,0
2020-05-20 06:33:41+00:00,11258.333333333336,11625.0,1950.0,0.0325684678016282,0
2021-01-06 03:19:51+00:00,862.5,1091.6666666666667,1090.0,0.2657004830917875,1
2019-08-19 08:23:25+00:00,1070.0,1125.0,1390.0,0.0514018691588785,1
2020-10-19 01:38:14+00:00,8076.666666666668,7256.666666666668,1090.0,-0.10152703260420964,1
2020-11-24 07:00:04+00:00,3510.833333333333,3717.5,105000.0,0.058865416567766525,1
2020-07-01 02:36:28+00:00,11691.666666666664,11591.666666666664,11600.0,-0.008553100498930866,0
2021-01-25 07:08:18+00:00,46266.66666666666,47958.33333333334,17900.0,0.0365634005763693,0
2020-07-06 11:21:23+00:00,4698.333333333333,6168.333333333332,473.0,0.31287690670450496,1
2020-07-21 07:47:09+00:00,9143.333333333334,12108.333333333336,2380.0,0.3242799854174264,1
2020-06-22 12:15:12+00:00,19475.0,26300.0,473.0,0.3504492939666239,1
2020-08-24 11:02:07+00:00,60150.0,63500.0,2730.0,0.05569409808811305,1
2020-12-23 02:56:53+00:00,42025.0,35191.666666666664,1950.0,-0.1626016260162602,1
2020-10-21 02:53:36+00:00,34883.333333333336,34483.333333333336,163000.0,-0.011466794075489726,0
2020-02-11 08:14:50+00:00,2617.5,3147.5,548.0,0.20248328557784145,1
2021-01-17 00:48:41+00:00,18083.33333333333,18975.0,1430.0,0.049308755760368944,1
2019-04-17 01:00:02+00:00,35483.333333333336,35333.333333333336,22400.0,-0.004227336777829967,0
2019-12-17 14:32:10+00:00,5000.0,5066.666666666667,9240.0,0.013333333333333391,0
2021-01-25 13:33:16+00:00,46116.66666666666,45050.0,5010.0,-0.023129743404408903,0
2020-06-18 07:00:09+00:00,982.0,999.6666666666664,14700.0,0.01799049558723666,0
2020-07-20 07:40:34+00:00,78083.33333333331,80066.66666666669,548.0,0.025400213447172332,0
2020-07-06 08:21:15+00:00,1500.0,1731.666666666667,548.0,0.15444444444444466,1
2019-11-14 11:08:18+00:00,5050.0,5308.333333333333,3660.0,0.05115511551155109,1
2020-08-11 02:07:37+00:00,6308.333333333332,7185.0,35200.0,0.13896961690885096,1
2020-12-01 08:08:24+00:00,9620.0,10758.333333333334,1090.0,0.1183298683298684,1
2020-09-16 08:27:57+00:00,15500.0,15466.666666666664,1300.0,-0.0021505376344087587,0
2020-12-21 11:33:47+00:00,125383.33333333331,131233.33333333337,17900.0,0.046656918782401115,1
2020-03-22 13:49:08+00:00,7995.0,7960.0,32000.0,-0.004377736085053158,0
2021-02-02 13:53:45+00:00,4266.666666666667,4330.0,255.0,0.014843749999999928,0
2021-02-02 13:17:41+00:00,40350.0,40125.0,21100.0,-0.005576208178438661,0
2020-08-11 09:46:46+00:00,2793.333333333333,2544.1666666666665,4170.0,-0.08920047732696892,1
2019-10-16 12:39:51+00:00,23875.0,25450.0,1360.0,0.06596858638743455,1
2020-12-14 13:41:43+00:00,13941.666666666664,13866.666666666664,9170.0,-0.005379557680812911,0
2019-12-12 09:31:13+00:00,2559.1666666666665,2476.6666666666665,1090.0,-0.03223705633344188,0
2020-07-15 21:51:14+00:00,1655.833333333333,1579.166666666667,2100.0,-0.046300956215399744,1
2019-12-22 14:27:51+00:00,4985.833333333333,4902.5,9240.0,-0.016714023065351767,0
2021-01-27 02:07:52+00:00,16591.666666666668,15758.333333333336,12900.0,-0.05022601707684573,1
2020-07-07 07:54:04+00:00,9290.0,9330.0,3660.0,0.004305705059203444,0
2019-12-17 14:32:10+00:00,24308.33333333333,26058.33333333333,9240.0,0.07199177236887214,1
2019-12-22 14:27:51+00:00,17266.666666666668,17041.666666666668,9240.0,-0.01303088803088803,0
2020-06-03 15:22:46+00:00,1445.833333333333,1445.833333333333,2520.0,0.0,0
2020-12-28 13:07:17+00:00,34908.333333333336,35141.666666666664,17900.0,0.006684172833611701,0
2020-11-10 10:17:44+00:00,103250.0,102000.0,548.0,-0.012106537530266344,0
2020-07-02 02:39:28+00:00,19633.33333333333,19550.0,11600.0,-0.0042444821731746265,0
2020-08-24 11:13:32+00:00,58683.33333333334,57500.0,1090.0,-0.020164725930133645,0
2020-07-06 11:21:23+00:00,303277.33333333326,300167.66666666674,473.0,-0.010253541313121034,0
2020-05-06 07:39:17+00:00,3596.666666666666,4398.333333333333,4140.0,0.2228915662650604,1
2019-01-23 12:37:56+00:00,3897.5,3678.333333333334,43400.0,-0.056232627752832866,1
2020-08-10 13:49:37+00:00,27175.0,26883.33333333333,5010.0,-0.010732904017172824,0
2020-12-13 12:31:41+00:00,19875.0,19233.33333333333,1100.0,-0.032285115303983467,0
2021-01-14 09:14:59+00:00,161050.0,150883.33333333337,17900.0,-0.06312739314912529,1
2021-01-18 06:00:14+00:00,435250.0,429750.0,105000.0,-0.01263641585295807,0
2021-01-20 03:00:42+00:00,24391.66666666667,24316.66666666667,1950.0,-0.003074820635462931,0
2020-05-18 09:34:28+00:00,14383.333333333336,15058.333333333336,1090.0,0.046929316338354565,1
2020-12-09 12:13:43+00:00,32508.33333333333,32325.0,17900.0,-0.005639579594975499,0
2020-11-17 12:01:50+00:00,2730.833333333333,2426.6666666666665,2720.0,-0.1113823619163869,1
2020-07-22 14:33:36+00:00,2135.833333333333,2020.833333333333,5010.0,-0.05384315255559891,1
2021-01-28 15:47:39+00:00,137333.33333333337,141750.0,2380.0,0.03216019417475699,0
2021-01-17 16:01:40+00:00,22216.66666666667,20116.666666666668,1320.0,-0.09452363090772707,1
2020-06-18 05:26:19+00:00,153333.33333333337,145083.33333333337,1950.0,-0.053804347826086944,1
2020-11-24 10:22:36+00:00,2065.833333333333,2947.5,180000.0,0.4267849939491733,1
2020-07-21 10:31:30+00:00,29608.33333333333,29383.33333333333,30900.0,-0.00759921193357726,0
2020-10-07 11:00:22+00:00,3977.5,4476.666666666667,36300.0,0.12549759061386975,1
2020-07-07 09:22:37+00:00,15175.0,16066.666666666664,37900.0,0.05875892366831395,1
2020-12-22 23:35:23+00:00,53566.66666666666,54816.66666666666,6250.0,0.023335407591785942,0
2021-01-19 03:49:27+00:00,55066.66666666666,55116.66666666666,4510.0,0.0009079903147699759,0
2019-11-28 08:52:46+00:00,6183.333333333332,6158.333333333332,5930.0,-0.0040431266846361206,0
2020-09-17 10:12:36+00:00,4493.333333333333,4195.0,2380.0,-0.06639465875370912,1
2020-12-16 08:01:49+00:00,3755.833333333334,4256.666666666667,509.0,0.13334812513867308,1
2021-02-01 07:37:02+00:00,3046.666666666666,2083.333333333333,5700.0,-0.31619256017505465,1
2020-07-15 06:30:01+00:00,1096.6666666666667,1066.6666666666667,7040.0,-0.027355623100303948,0
2020-09-07 01:04:59+00:00,923.3333333333336,892.6666666666665,1950.0,-0.033212996389892134,0
2021-01-25 13:33:16+00:00,44058.33333333334,43866.66666666666,5010.0,-0.00435029317193159,0
2020-12-08 02:54:23+00:00,162083.33333333337,161750.0,60400.0,-0.002056555269923118,0
2020-07-14 10:26:46+00:00,13916.666666666664,12258.333333333336,28300.0,-0.11916167664670625,1
2021-01-20 10:10:48+00:00,68250.0,74616.66666666669,39000.0,0.09328449328449356,1
2020-12-23 07:29:42+00:00,5330.0,5331.666666666667,17900.0,0.00031269543464671097,0
2021-01-26 08:52:35+00:00,6446.666666666668,7806.666666666668,17900.0,0.21096173733195445,1
2021-01-26 01:55:26+00:00,1639.166666666667,1637.5,4210.0,-0.001016776817488746,0
2021-01-27 11:38:18+00:00,6883.333333333332,6588.333333333332,181.0,-0.042857142857142864,1
2020-01-20 08:39:08+00:00,16416.666666666668,16108.333333333336,9200.0,-0.0187817258883248,0
2020-02-13 05:57:49+00:00,7760.0,8298.333333333334,7390.0,0.06937285223367705,1
2020-12-21 02:59:50+00:00,52583.33333333334,53283.33333333334,1950.0,0.013312202852614894,0
2020-05-14 10:24:25+00:00,85283.33333333331,85200.0,473.0,-0.0009771350400623094,0
2020-12-01 23:22:21+00:00,3854.166666666666,3920.0,937.0,0.01708108108108124,0
2020-04-01 11:12:44+00:00,8711.666666666666,8281.666666666666,49.0,-0.04935909699636503,1
2020-06-11 07:52:37+00:00,98566.66666666669,93050.0,11600.0,-0.05596888738586424,1
2020-07-08 08:17:01+00:00,7201.666666666668,7380.0,43500.0,0.02476278639203871,0
2020-10-25 10:00:10+00:00,3981.666666666666,5393.333333333333,3960.0,0.35454164922561754,1
2021-02-04 07:52:34+00:00,3510.0,4370.833333333333,548.0,0.2452516619183285,1
2020-12-16 08:07:48+00:00,7513.333333333332,7090.0,2970.0,-0.0563442768411711,1
2020-01-29 14:59:36+00:00,4410.0,4730.0,548.0,0.07256235827664399,1
2019-01-09 13:33:21+00:00,866.0,1336.6666666666667,3390.0,0.5434949961508854,1
2020-10-05 12:26:15+00:00,7526.666666666668,8000.0,2020.0,0.06288751107174474,1
2020-11-17 12:01:50+00:00,1487.5,1333.3333333333333,2720.0,-0.1036414565826331,1
2020-12-01 08:08:24+00:00,2209.1666666666665,2317.0,1090.0,0.048811769143719416,1
2020-07-28 12:22:58+00:00,8370.0,8060.0,1870.0,-0.037037037037037035,0
2020-05-05 06:27:35+00:00,5541.666666666668,5581.666666666668,3960.0,0.007218045112781953,0
2020-09-09 02:26:57+00:00,23558.33333333333,23466.66666666667,1950.0,-0.0038910505836571773,0
2020-12-14 06:29:49+00:00,3232.5,3222.5,1090.0,-0.003093580819798917,0
2020-12-21 02:59:50+00:00,19158.33333333333,19025.0,1950.0,-0.006959547629403836,0
2019-04-17 01:00:02+00:00,35483.333333333336,35333.333333333336,22400.0,-0.004227336777829967,0
2021-01-21 09:48:35+00:00,13791.666666666664,14116.666666666664,9020.0,0.02356495468277946,0
2020-12-21 13:57:42+00:00,2095.833333333333,2560.833333333333,834.0,0.221868787276342,1
2019-12-17 14:32:10+00:00,1475.0,1694.166666666667,9240.0,0.14858757062146913,1
2020-11-26 07:43:44+00:00,6655.0,7593.333333333332,3250.0,0.14099674430252926,1
2019-11-20 00:43:09+00:00,1229.1666666666667,1237.5,1100.0,0.006779661016949091,0
2019-04-17 01:00:02+00:00,2576.6666666666665,2566.6666666666665,22400.0,-0.0038809831824062092,0
2021-01-10 13:31:28+00:00,56116.66666666666,57766.66666666666,11800.0,0.029403029403029413,0
2021-02-01 12:27:48+00:00,22491.66666666667,22250.0,62.0,-0.010744720266765682,0
2021-01-25 13:21:01+00:00,3695.833333333334,3660.0,2320.0,-0.00969560315670817,0
2019-05-27 10:32:55+00:00,2520.0,2935.0,16100.0,0.16468253968253968,1
2020-06-09 14:03:08+00:00,1962.0,1970.833333333333,1740.0,0.004502208630648843,0
2020-12-07 07:23:31+00:00,17858.333333333332,17783.333333333332,937.0,-0.004199720018665422,0
2020-12-21 11:33:47+00:00,5431.666666666667,5431.666666666667,17900.0,0.0,0
2021-02-02 16:26:14+00:00,26633.33333333333,28800.0,787.0,0.08135168961201522,1
2020-10-25 00:00:02+00:00,233583.33333333328,234916.66666666663,529000.0,0.0057081698180521286,0
2019-07-18 14:28:21+00:00,16500.0,17833.333333333332,9240.0,0.08080808080808073,1
2021-01-25 13:21:01+00:00,16758.333333333332,19808.33333333333,2320.0,0.18199900546991526,1
2020-10-12 02:59:00+00:00,9491.666666666666,8856.666666666666,1950.0,-0.066900790166813,1
2019-02-19 09:08:36+00:00,598.0,618.1666666666666,6490.0,0.03372352285395757,0
2020-07-15 21:51:14+00:00,3599.166666666666,3607.5,2100.0,0.002315350775642679,0
2019-10-21 05:15:21+00:00,27316.66666666667,26975.0,1090.0,-0.012507626601586507,0
2021-01-11 08:46:51+00:00,16533.333333333332,16475.0,8760.0,-0.00352822580645154,0
2020-09-20 13:09:07+00:00,6135.333333333332,6300.333333333332,2720.0,0.02689340432467674,0
2020-11-09 12:14:45+00:00,2505.0,2297.5,9020.0,-0.08283433133732535,1
2020-12-14 12:40:35+00:00,17141.666666666668,16983.333333333332,4010.0,-0.009236752552260714,0
2019-04-28 14:02:58+00:00,7073.333333333332,7963.333333333332,78800.0,0.12582469368520266,1
2020-08-19 09:40:33+00:00,1464.166666666667,1480.0,14600.0,0.010813887307911005,0
2020-09-02 22:16:02+00:00,2269.1666666666665,2325.833333333333,15200.0,0.02497245684906347,0
2020-06-08 11:26:08+00:00,2983.333333333333,3656.666666666666,6490.0,0.2256983240223463,1
2019-12-22 14:27:51+00:00,3846.666666666666,3935.0,9240.0,0.02296360485268647,0
2020-10-07 04:25:41+00:00,20391.666666666668,20375.0,1640.0,-0.000817327339599569,0
2020-08-13 10:42:07+00:00,87000.0,98266.66666666669,14600.0,0.12950191570881248,1
2020-07-26 13:29:25+00:00,15016.666666666664,16150.0,317.0,0.07547169811320772,1
2020-07-22 12:51:24+00:00,1214.1666666666667,1242.5,2100.0,0.023335621139327318,0
2020-06-23 08:04:18+00:00,13750.0,12900.0,548.0,-0.06181818181818183,1
2020-12-13 16:34:50+00:00,15075.0,16516.666666666668,643.0,0.09563294637921513,1
2020-10-19 05:47:41+00:00,3126.666666666666,3158.333333333333,1640.0,0.010127931769722914,0
2020-07-02 09:30:03+00:00,1113.3333333333333,992.0,2950.0,-0.10898203592814364,1
2021-01-25 13:21:01+00:00,46116.66666666666,45050.0,2320.0,-0.023129743404408903,0
2020-09-06 08:34:27+00:00,147916.66666666663,149750.0,261000.0,0.012394366197183364,0
2020-09-14 09:15:01+00:00,9173.333333333334,9431.666666666666,6760.0,0.028161337209302188,0
2020-10-21 12:02:44+00:00,3940.0,4183.333333333333,2380.0,0.06175972927241955,1
2020-07-23 07:40:18+00:00,7060.0,7301.666666666668,3160.0,0.034230406043437384,0
2020-07-02 08:38:51+00:00,7383.333333333332,7563.333333333332,3660.0,0.024379232505643344,0
2020-08-24 10:30:07+00:00,14416.666666666664,14241.666666666664,2030.0,-0.012138728323699423,0
2020-08-10 13:21:41+00:00,11937.5,12604.166666666664,1870.0,0.055846422338568735,1
2021-01-21 12:11:37+00:00,2785.0,2935.0,43500.0,0.05385996409335727,1
2020-11-08 20:36:19+00:00,2520.833333333333,2558.333333333333,9020.0,0.014876033057851241,0
2020-01-09 09:54:05+00:00,1020.0,1089.1666666666667,9020.0,0.06781045751633995,1
2021-01-19 03:49:27+00:00,4569.166666666667,4620.833333333333,4510.0,0.011307678278314658,0
2019-05-07 07:47:35+00:00,2535.0,2567.5,1090.0,0.01282051282051282,0
2020-12-28 06:00:07+00:00,1683.333333333333,1643.333333333333,105000.0,-0.02376237623762377,0
2020-11-09 07:00:00+00:00,2254.1666666666665,2468.333333333333,105000.0,0.0950092421441774,1
2020-02-17 07:57:33+00:00,1429.333333333333,1912.833333333333,2030.0,0.3382695895522389,1
2020-12-16 09:17:55+00:00,9506.666666666666,10083.333333333334,2970.0,0.0606591865357645,1
2020-07-21 05:07:55+00:00,12925.0,13391.666666666664,54.0,0.03610573823339762,0
2020-05-25 07:30:02+00:00,13389.833333333336,13267.666666666664,14700.0,-0.009123837737587336,0
2021-01-27 13:10:18+00:00,4884.166666666667,4268.333333333333,255.0,-0.12608769834499245,1
2019-12-04 06:12:04+00:00,1498.333333333333,1500.0,3030.0,0.001112347052280514,0
2020-05-06 15:05:48+00:00,3596.666666666666,4398.333333333333,2470.0,0.2228915662650604,1
2020-12-01 07:46:07+00:00,27441.66666666667,26350.0,22500.0,-0.03978135438809613,0
2020-09-21 20:15:00+00:00,7008.333333333332,7396.666666666668,2950.0,0.05541022592152235,1
2021-01-13 23:02:31+00:00,4304.166666666667,4410.0,2380.0,0.024588576960309704,0
2020-03-23 07:39:20+00:00,21783.33333333333,23333.33333333333,2380.0,0.07115531752104058,1
2020-12-20 15:25:06+00:00,4776.666666666667,4795.0,839.0,0.003838101884159043,0
2020-05-14 08:23:52+00:00,95423.66666666669,98253.16666666669,548.0,0.029651973130355495,0
2020-09-07 08:28:40+00:00,2218.333333333333,2166.6666666666665,4170.0,-0.023290758827948847,0
2020-07-28 12:22:58+00:00,8370.0,8060.0,1870.0,-0.037037037037037035,0
2020-07-15 21:51:14+00:00,37783.333333333336,38108.333333333336,2100.0,0.008601676224084694,0
2020-01-20 08:39:08+00:00,2094.1666666666665,2208.333333333333,9200.0,0.05451651412654191,1
2020-11-09 07:00:00+00:00,2254.1666666666665,2468.333333333333,105000.0,0.0950092421441774,1
2021-01-28 22:18:41+00:00,3725.0,3704.166666666666,1640.0,-0.005592841163311125,0
2020-11-05 01:30:28+00:00,1651.666666666667,1612.5,28300.0,-0.02371342078708393,0
2019-12-17 07:39:48+00:00,1805.833333333333,2128.333333333333,156.0,0.17858790955237658,1
2020-02-18 11:33:00+00:00,26191.66666666667,25183.33333333333,61400.0,-0.038498250079542204,0
2021-01-28 09:17:32+00:00,912500.0,948000.0,28300.0,0.038904109589041086,0
2020-02-13 05:57:49+00:00,91133.33333333331,95766.66666666669,7390.0,0.050841258229700516,1
2019-12-22 14:27:51+00:00,21933.33333333333,22416.66666666667,9240.0,0.022036474164134186,0
2021-01-14 21:13:51+00:00,2207.5,2236.6666666666665,1640.0,0.01321253303133251,0
2020-09-02 21:00:04+00:00,10641.666666666666,10275.0,2030.0,-0.034455755677368784,0
2021-01-27 09:51:23+00:00,254666.66666666663,246666.66666666663,28700.0,-0.03141361256544503,0
2020-12-01 19:21:37+00:00,91800.0,92266.66666666669,36300.0,0.005083514887436668,0
2020-01-09 09:15:04+00:00,3697.5,3689.166666666666,1090.0,-0.002253775073247854,0
2020-12-14 06:29:49+00:00,8921.666666666666,8755.0,1090.0,-0.01868111339435824,0
2020-10-26 03:07:20+00:00,9113.333333333334,8630.0,1950.0,-0.053035844915874236,1
2019-12-04 06:12:04+00:00,1498.333333333333,1500.0,3030.0,0.001112347052280514,0
2019-12-02 06:26:56+00:00,19766.666666666668,20700.0,5650.0,0.04721753794266435,1
2020-07-01 06:00:16+00:00,6283.333333333332,6028.333333333332,105000.0,-0.04058355437665783,1
2021-02-02 11:02:10+00:00,45691.66666666666,45583.33333333334,1530.0,-0.002370964800291387,0
2020-07-12 11:04:51+00:00,1750.0,1696.666666666667,587.0,-0.030476190476190306,0
2019-04-23 12:25:10+00:00,1395.0,1351.6666666666667,1280.0,-0.031063321385901982,0
2020-07-22 12:51:24+00:00,23466.66666666667,24216.66666666667,2100.0,0.031960227272727265,0
2020-07-22 01:59:42+00:00,241166.66666666663,231750.0,15200.0,-0.039046302695231364,0
2020-10-15 02:25:21+00:00,12525.0,10766.666666666666,1090.0,-0.1403858948769129,1
2019-09-23 05:31:48+00:00,1357.5,1352.5,2380.0,-0.003683241252302026,0
2020-06-07 01:34:05+00:00,4590.833333333333,4179.166666666667,17900.0,-0.08967144672354317,1
2020-08-11 08:55:40+00:00,2797.333333333333,2902.0,1090.0,0.03741658722592957,0
2020-12-17 10:17:30+00:00,7631.666666666668,9115.0,2970.0,0.1943655820048044,1
2020-11-18 13:37:04+00:00,4763.333333333333,5231.666666666667,2320.0,0.09832050384884547,1
2021-02-04 06:18:41+00:00,2624.1666666666665,2336.6666666666665,5700.0,-0.10955859002858052,1
2020-08-11 07:24:33+00:00,4178.333333333333,4011.666666666666,3660.0,-0.039888312724371836,0
2019-04-23 08:06:27+00:00,54613.33333333334,54447.66666666666,50100.0,-0.003033447265625355,0
2020-08-11 13:53:59+00:00,18258.33333333333,17883.333333333332,5010.0,-0.02053856686444527,0
2019-05-07 07:26:47+00:00,7850.0,8083.333333333332,1090.0,0.02972399150743084,0
2020-09-06 08:34:27+00:00,399333.33333333326,395833.33333333326,261000.0,-0.008764607679465778,0
2020-07-06 12:05:42+00:00,1711.666666666667,1752.5,1150.0,0.02385589094449836,0
2020-09-14 10:07:08+00:00,62033.33333333334,64783.33333333334,473.0,0.04433100483610961,1
2020-10-25 10:00:10+00:00,5025.0,4852.5,3960.0,-0.034328358208955224,0
2019-12-10 21:00:05+00:00,15666.666666666664,16191.666666666664,2720.0,0.03351063829787235,0
2019-09-23 05:31:48+00:00,8053.333333333332,8221.666666666666,2380.0,0.02090231788079478,0
2019-10-17 08:57:13+00:00,5300.0,6963.333333333332,43500.0,0.31383647798742115,1
2020-11-16 02:06:52+00:00,2980.0,2959.166666666666,2180000.0,-0.006991051454138906,0
2020-07-06 13:01:50+00:00,13600.0,13766.666666666664,77500.0,0.012254901960784137,0
2020-07-15 21:51:14+00:00,23075.0,22983.33333333333,2100.0,-0.0039725532683281255,0
2021-01-25 13:33:16+00:00,16758.333333333332,19808.33333333333,5010.0,0.18199900546991526,1
2020-12-14 08:45:16+00:00,160456.66666666663,155716.5,16200.0,-0.02954172466086355,0
2021-01-13 07:27:19+00:00,156416.66666666663,167750.0,119000.0,0.07245604688332473,1
2020-02-27 10:56:52+00:00,10616.666666666666,9915.0,1090.0,-0.06609105180533746,1
2020-11-12 08:13:34+00:00,3465.833333333333,3489.166666666666,25100.0,0.006732387593171347,0
2020-08-27 06:15:01+00:00,8746.666666666666,8455.0,6760.0,-0.03334603658536578,0
2021-01-26 08:47:14+00:00,3124.166666666666,2890.833333333333,4170.0,-0.0746865830888236,1
2021-01-06 22:09:48+00:00,1998.333333333333,2040.0,11800.0,0.02085070892410357,0
2020-12-14 06:29:49+00:00,5466.666666666667,5335.0,1090.0,-0.02408536585365859,0
2021-01-25 06:55:41+00:00,342833.33333333326,350750.0,28700.0,0.02309188138065166,0
2021-01-05 08:16:44+00:00,24833.33333333333,30700.0,548.0,0.2362416107382553,1
2020-10-12 02:59:00+00:00,3275.0,3185.0,1950.0,-0.02748091603053435,0
2021-01-28 10:18:30+00:00,14300.0,15441.666666666664,423.0,0.07983682983682967,1
2019-04-17 01:00:02+00:00,3359.166666666666,3399.166666666666,22400.0,0.011907715207144629,0
2020-07-26 11:15:01+00:00,7691.666666666668,10016.666666666666,3960.0,0.30227518959913297,1
2021-01-28 04:34:50+00:00,166383.33333333337,165633.33333333337,61400.0,-0.004507663027146148,0
2019-04-28 15:35:46+00:00,29133.33333333333,29683.33333333333,62.0,0.01887871853546911,0
2020-11-23 06:38:45+00:00,2840.0,3158.333333333333,5760.0,0.11208920187793417,1
2018-12-03 10:27:53+00:00,4066.666666666666,4026.666666666666,14800.0,-0.009836065573770493,0
2020-07-30 11:10:55+00:00,254863.5,254045.5,2970.0,-0.0032095611964836077,0
2021-02-03 00:04:24+00:00,279.3333333333333,310.6666666666667,14.0,0.1121718377088307,1
2020-12-01 08:08:24+00:00,2348.333333333333,2356.6666666666665,1090.0,0.003548616039744565,0
2021-01-07 11:44:09+00:00,5846.666666666668,5898.333333333332,17900.0,0.008836944127707679,0
2020-06-29 06:50:51+00:00,1315.8333333333333,1386.666666666667,1950.0,0.053831538948702,1
2021-01-28 08:13:36+00:00,4760.0,5073.333333333333,548.0,0.06582633053221283,1
2020-12-01 08:08:24+00:00,8210.0,8280.0,1090.0,0.008526187576126675,0
2020-12-07 07:49:55+00:00,5401.666666666667,5570.0,3660.0,0.031163221228015982,0
2020-01-09 09:54:05+00:00,1963.166666666667,2067.333333333333,9020.0,0.05306053145428273,1
2019-05-12 01:50:29+00:00,346250.0,340166.66666666674,37900.0,-0.017569193742478718,0
2021-01-19 03:49:27+00:00,3250.0,3221.666666666666,4510.0,-0.008717948717948905,0
2020-09-07 01:04:59+00:00,2950.0,3212.5,1950.0,0.08898305084745763,1
2020-08-26 12:48:35+00:00,2571.6666666666665,2798.333333333333,474.0,0.08813998703823715,1
2020-11-12 03:04:53+00:00,8178.333333333332,8085.0,1950.0,-0.011412268188302278,0
2020-11-12 03:04:53+00:00,1330.0,1337.5,1950.0,0.005639097744360902,0
2020-10-12 02:59:00+00:00,10191.666666666666,9363.333333333334,1950.0,-0.08127555192150439,1
2020-11-26 14:45:00+00:00,10061.666666666666,10166.666666666666,2720.0,0.010435646844459169,0
2020-12-15 10:54:22+00:00,6443.333333333332,6228.333333333332,2970.0,-0.033367822038282466,0
2020-10-18 22:35:35+00:00,3347.5,3533.333333333333,937.0,0.055514065222803,1
2021-01-27 02:07:52+00:00,86666.66666666669,84033.33333333331,12900.0,-0.030384615384615826,0
2020-07-08 08:17:01+00:00,5381.666666666667,5341.666666666667,43500.0,-0.007432641684732116,0
2020-08-06 15:05:45+00:00,10741.666666666666,10158.333333333334,5010.0,-0.0543056633048874,1
2020-08-06 09:39:48+00:00,56850.0,57150.0,317.0,0.0052770448548812654,0
2020-07-05 21:00:08+00:00,18000.0,21758.33333333333,2030.0,0.20879629629629606,1
2020-08-27 08:17:28+00:00,6985.0,7793.333333333332,548.0,0.1157241708422809,1
2020-06-04 06:00:07+00:00,93683.33333333331,92050.0,105000.0,-0.017434620174345997,0
2020-10-07 08:09:14+00:00,2792.5,2859.166666666666,3660.0,0.0238734706057891,0
2019-04-28 15:35:46+00:00,7073.333333333332,7963.333333333332,62.0,0.12582469368520266,1
2020-07-26 13:29:25+00:00,59666.66666666666,66650.0,317.0,0.11703910614525158,1
2019-09-25 04:02:12+00:00,1395.833333333333,1298.3333333333333,2380.0,-0.06985074626865657,1
2019-12-16 10:52:54+00:00,1778.333333333333,1805.833333333333,1090.0,0.015463917525773196,0
2020-05-27 07:47:12+00:00,14658.333333333336,13725.0,18400.0,-0.0636725412166005,1
2020-01-20 08:39:08+00:00,4757.5,5027.5,9200.0,0.056752496058854435,1
2021-02-01 17:06:08+00:00,3148.333333333333,3397.5,2380.0,0.0791424033880361,1
2021-01-28 08:13:36+00:00,6013.333333333332,8410.0,548.0,0.39855875831485615,1
2019-03-07 08:59:33+00:00,1563.333333333333,1716.666666666667,32000.0,0.0980810234541582,1
2019-12-04 06:12:04+00:00,1498.333333333333,1500.0,3030.0,0.001112347052280514,0
2020-07-26 13:29:25+00:00,59666.66666666666,66650.0,317.0,0.11703910614525158,1
2019-12-17 07:39:48+00:00,1805.833333333333,2128.333333333333,156.0,0.17858790955237658,1
2020-12-22 23:33:18+00:00,758.5,1206.6666666666667,6250.0,0.5908591518347617,1
2020-09-09 02:26:57+00:00,47916.66666666666,47891.66666666666,1950.0,-0.0005217391304347827,0
2020-07-01 08:02:26+00:00,8780.0,8336.666666666666,1090.0,-0.05049354593773736,1
2019-07-18 14:28:21+00:00,10010.0,10816.666666666666,9240.0,0.08058608058608052,1
2020-11-12 03:04:53+00:00,3434.166666666666,3401.666666666666,1950.0,-0.009463722397476344,0
2020-07-07 08:26:18+00:00,3381.666666666666,3462.5,548.0,0.023903400689995254,0
2020-09-08 11:48:35+00:00,1816.666666666667,2586.6666666666665,139000.0,0.423853211009174,1
2020-05-21 07:00:03+00:00,4923.333333333333,4927.5,14700.0,0.0008463100880163108,0
2020-03-24 07:27:21+00:00,50401.16666666666,63802.16666666666,241.0,0.2658867023580804,1
2020-12-23 02:56:53+00:00,9680.0,9503.333333333334,1950.0,-0.018250688705234098,0
2020-08-04 09:46:45+00:00,133071.0,189670.33333333328,2970.0,0.4253318403959787,1
2020-05-26 14:13:39+00:00,11141.666666666664,14658.333333333336,1720.0,0.315632011967091,1
2021-01-11 21:15:00+00:00,2273.333333333333,3855.0,2030.0,0.6957478005865105,1
2021-01-25 13:33:16+00:00,3695.833333333334,3660.0,5010.0,-0.00969560315670817,0
2020-09-23 02:35:47+00:00,17200.0,16316.666666666664,1950.0,-0.05135658914728696,1
2020-09-08 10:40:59+00:00,7306.666666666668,7253.333333333332,84800.0,-0.007299270072993031,0
2021-01-27 13:10:18+00:00,6238.333333333332,6575.0,255.0,0.05396740582420539,1
2020-07-06 12:05:42+00:00,110083.33333333331,117333.33333333331,1150.0,0.06585919757759275,1
2020-10-05 11:18:58+00:00,13941.666666666664,14341.666666666664,2380.0,0.028690974297668863,0
2020-08-13 08:26:09+00:00,87000.0,98266.66666666669,7040.0,0.12950191570881248,1
2020-04-01 11:12:44+00:00,12750.0,13616.666666666664,49.0,0.06797385620915014,1
2021-01-28 00:13:21+00:00,2382.5,2370.833333333333,23.0,-0.004896817068905339,0
2020-07-22 12:51:24+00:00,3700.0,3654.166666666666,2100.0,-0.01238738738738755,0
2020-05-06 06:00:19+00:00,10133.333333333334,10533.333333333334,105000.0,0.03947368421052632,0
2019-12-17 14:32:10+00:00,1001.0,1235.0,9240.0,0.23376623376623376,1
2020-11-26 05:25:52+00:00,29566.66666666667,29325.0,5110.0,-0.00817361894024819,0
2019-09-18 06:19:51+00:00,3569.166666666666,3752.5,1920.0,0.051365865047863835,1
2020-09-02 22:16:02+00:00,454750.0,453833.33333333326,15200.0,-0.0020157595748581517,0
2020-07-27 14:26:14+00:00,2679.1666666666665,2860.833333333333,2100.0,0.06780715396578532,1
2020-10-18 13:04:09+00:00,5090.0,5004.166666666667,3250.0,-0.016863130320890575,0
2019-06-12 12:02:28+00:00,1002.0,1378.333333333333,22500.0,0.3755821689953424,1
2019-12-16 10:52:54+00:00,2557.5,2569.1666666666665,1090.0,0.004561746497230309,0
2020-10-21 09:02:06+00:00,8700.0,11400.0,548.0,0.3103448275862069,1
2020-04-02 07:45:48+00:00,6423.333333333332,6421.666666666668,1680.0,-0.00025947067981280363,0
2020-10-15 02:21:00+00:00,3615.833333333334,3666.666666666666,2380.0,0.014058538833832342,0
2020-12-28 10:57:08+00:00,84045.83333333331,87564.0,178.0,0.04186009617768107,1
2019-12-17 14:32:10+00:00,23691.66666666667,24091.66666666667,9240.0,0.01688357368976433,0
2020-11-26 05:25:52+00:00,5545.0,5351.666666666667,5110.0,-0.034866245867147524,0
2020-07-01 02:36:28+00:00,6028.333333333332,5991.666666666668,11600.0,-0.006082388719933245,0
2020-10-19 10:19:13+00:00,135583.33333333337,134083.33333333337,32000.0,-0.01106330669944683,0
2020-11-12 03:04:53+00:00,1744.166666666667,1851.666666666667,1950.0,0.061634018155757274,1
2019-10-22 09:39:09+00:00,3198.333333333333,3755.833333333334,43500.0,0.1743095362167799,1
2020-09-14 10:07:08+00:00,12725.0,13091.666666666664,473.0,0.028814669286181864,0
2021-01-17 16:01:40+00:00,1490.833333333333,1425.0,1320.0,-0.04415874790385671,1
2020-06-03 07:35:22+00:00,7081.666666666668,7011.666666666668,1950.0,-0.009884678747940691,0
2020-10-21 09:02:06+00:00,3940.0,4183.333333333333,548.0,0.06175972927241955,1
2019-07-09 08:57:30+00:00,3800.0,3724.166666666666,37900.0,-0.019956140350877352,0
2020-06-03 07:35:22+00:00,3600.833333333333,3469.166666666666,1950.0,-0.03656560981254348,0
2019-12-17 14:32:10+00:00,717.3333333333335,994.6666666666664,9240.0,0.38661710037174657,1
2019-12-17 14:32:10+00:00,717.3333333333335,994.6666666666664,9240.0,0.38661710037174657,1
2020-08-27 10:18:32+00:00,6985.0,7793.333333333332,1090.0,0.1157241708422809,1
2020-07-20 08:58:54+00:00,2643.333333333333,3380.0,22900.0,0.2786885245901641,1
2019-12-22 14:27:51+00:00,17266.666666666668,17041.666666666668,9240.0,-0.01303088803088803,0
2020-09-02 21:00:04+00:00,9713.333333333334,9505.0,2030.0,-0.02144818119423479,0
2020-07-20 07:40:34+00:00,2552.5,2616.6666666666665,548.0,0.0251387528566764,0
2020-10-06 13:39:29+00:00,5576.666666666668,5550.0,317.0,-0.004781829049611693,0
2018-12-03 10:27:53+00:00,6833.333333333332,7233.333333333332,14800.0,0.058536585365853676,1
2019-11-14 00:56:23+00:00,6963.333333333332,7013.333333333332,3060.0,0.007180469123982769,0
2020-02-20 13:04:54+00:00,3714.166666666666,4714.166666666667,5010.0,0.2692393986986765,1
2021-01-25 13:21:01+00:00,17666.666666666668,17433.333333333332,2320.0,-0.013207547169811457,0
2021-01-28 05:35:29+00:00,49550.0,49558.33333333334,5700.0,0.0001681802892702933,0
2019-02-19 12:33:41+00:00,48925.0,51850.0,9240.0,0.05978538579458355,1
2020-08-05 12:02:28+00:00,5038.333333333333,5093.333333333333,1150.0,0.010916308303010257,0
2020-09-09 02:26:57+00:00,787.0,784.8333333333335,1950.0,-0.0027530707327401717,0
2020-10-19 06:25:41+00:00,5871.666666666668,5936.666666666668,61400.0,0.011070110701107009,0
2021-01-07 23:00:00+00:00,12383.333333333336,11541.666666666664,11800.0,-0.06796769851951585,1
2021-02-01 12:57:04+00:00,286583.33333333326,315750.0,1500.0,0.10177377144518786,1
2020-06-23 08:36:04+00:00,3573.333333333333,3517.5,22900.0,-0.015624999999999915,0
2021-02-01 12:57:04+00:00,918833.3333333336,958500.0,1500.0,0.04317068746598917,1
2021-01-25 13:33:16+00:00,17666.666666666668,17433.333333333332,5010.0,-0.013207547169811457,0
2020-10-26 03:07:20+00:00,8098.333333333332,7753.333333333332,1950.0,-0.04260135830417782,1
2019-12-29 08:59:13+00:00,31991.66666666667,32808.333333333336,2720.0,0.025527481114873584,0
2019-12-17 14:32:10+00:00,16300.0,16983.333333333332,9240.0,0.04192229038854798,1
2021-01-06 03:19:51+00:00,86383.33333333331,86633.33333333331,1090.0,0.002894076789504149,0
2021-01-19 03:49:27+00:00,8525.0,10541.666666666666,4510.0,0.23655913978494614,1
2021-01-21 03:42:56+00:00,24733.33333333333,25858.33333333333,12900.0,0.045485175202156336,1
2019-08-20 09:51:04+00:00,3015.833333333333,3318.333333333333,9020.0,0.10030395136778117,1
2020-10-25 09:39:17+00:00,2715.0,2866.666666666666,1870.0,0.0558624923265805,1
2021-01-28 05:35:29+00:00,3725.0,3704.166666666666,5700.0,-0.005592841163311125,0
2020-10-07 11:00:22+00:00,14650.0,16625.0,36300.0,0.1348122866894198,1
2020-12-22 07:22:04+00:00,82033.33333333331,86633.33333333331,18400.0,0.0560747663551402,1
2021-01-28 22:30:48+00:00,2558.333333333333,2585.833333333333,1640.0,0.010749185667752443,0
2020-09-09 02:26:57+00:00,97750.0,98366.66666666669,1950.0,0.006308610400682211,0
2020-12-29 23:35:25+00:00,1759.166666666667,2350.0,1090.0,0.3358597820937942,1
2020-12-08 09:30:08+00:00,6323.333333333332,8051.666666666668,25100.0,0.2733263046916188,1
2020-07-26 11:15:01+00:00,4508.333333333333,5861.666666666668,3960.0,0.3001848428835493,1
2021-01-07 12:33:48+00:00,22333.33333333333,23441.66666666667,2180.0,0.049626865671642234,1
2021-01-17 16:01:40+00:00,5168.333333333333,4977.5,1320.0,-0.036923573040954484,0
2021-01-25 13:33:16+00:00,22200.0,21558.33333333333,5010.0,-0.028903903903904123,0
2020-06-03 15:22:46+00:00,2270.833333333333,2307.5,2520.0,0.016146788990825826,0
2021-01-11 10:12:14+00:00,145450.0,148950.0,17900.0,0.02406325197662427,0
2020-08-04 13:28:59+00:00,4075.833333333334,3858.333333333334,1870.0,-0.053363320384379465,1
2019-01-23 12:37:56+00:00,19516.666666666668,17458.333333333332,43400.0,-0.10546541417591812,1
2019-05-23 03:14:24+00:00,14275.0,13691.666666666664,22400.0,-0.040863981319322985,1
2020-12-23 02:56:53+00:00,50791.66666666666,46766.66666666666,1950.0,-0.07924528301886792,1
2021-01-28 05:35:29+00:00,3725.0,3704.166666666666,5700.0,-0.005592841163311125,0
2019-12-18 04:52:42+00:00,53966.66666666666,53400.0,5650.0,-0.010500308832612545,0
2021-01-18 03:38:23+00:00,1881.666666666667,2094.1666666666665,4170.0,0.11293179805137266,1
2020-08-06 09:39:48+00:00,175918.33333333337,175203.0,317.0,-0.004066280755274921,0
2020-09-23 04:15:38+00:00,81683.33333333331,84250.0,1950.0,0.031422158743113895,0
2020-07-23 06:17:46+00:00,7278.333333333332,7225.0,4750.0,-0.007327684909548724,0
2019-12-17 14:32:10+00:00,16091.666666666664,15333.333333333336,9240.0,-0.04712584153288423,1
2020-12-16 03:55:45+00:00,157400.0,153264.66666666663,1950.0,-0.02627276577721329,0
2020-12-16 09:06:43+00:00,15975.0,16641.666666666668,39000.0,0.04173187271778828,1
2019-11-14 11:27:53+00:00,6080.0,5713.333333333332,14600.0,-0.06030701754385985,1
2020-11-22 09:58:03+00:00,1009.1666666666664,1016.6666666666664,2380.0,0.007431874483897607,0
2019-12-17 14:32:10+00:00,1805.833333333333,2128.333333333333,9240.0,0.17858790955237658,1
2020-06-18 07:00:09+00:00,4999.166666666667,5303.333333333333,14700.0,0.0608434739123186,1
2021-01-07 12:33:48+00:00,65300.0,64483.33333333334,2180.0,-0.012506380806533796,0
2020-12-01 23:22:21+00:00,16533.333333333332,16858.333333333332,937.0,0.019657258064516132,0
2020-07-22 12:51:24+00:00,1214.1666666666667,1242.5,2100.0,0.023335621139327318,0
2021-01-19 03:49:27+00:00,4569.166666666667,4620.833333333333,4510.0,0.011307678278314658,0
2020-10-25 00:00:02+00:00,150666.66666666663,149833.33333333337,529000.0,-0.00553097345132692,0
2020-12-23 07:29:42+00:00,8626.666666666666,8758.333333333334,17900.0,0.015262751159196432,0
2021-02-02 16:26:14+00:00,26633.33333333333,28800.0,787.0,0.08135168961201522,1
2020-07-21 10:31:30+00:00,24350.0,25033.33333333333,30900.0,0.02806297056810384,0
2021-01-20 16:32:35+00:00,6071.666666666668,6285.0,203.0,0.03513587702443021,0
2020-11-11 06:00:05+00:00,2536.6666666666665,2620.833333333333,105000.0,0.033180026281208884,0
2021-01-05 08:38:02+00:00,3076.666666666666,3195.833333333333,18400.0,0.038732394366197284,0
2020-07-02 05:00:55+00:00,6186.666666666668,5678.333333333332,1950.0,-0.08216594827586245,1
2019-12-17 14:32:10+00:00,24308.33333333333,26058.33333333333,9240.0,0.07199177236887214,1
2021-01-10 09:31:36+00:00,49116.66666666666,49258.33333333334,197.0,0.002884289107567413,0
2019-04-28 14:02:58+00:00,143666.66666666663,146750.0,78800.0,0.02146171693735526,0
2019-12-29 11:02:45+00:00,2451.6666666666665,2595.833333333333,3390.0,0.058803535010197076,1
2019-11-12 09:32:46+00:00,48733.33333333334,51400.0,50100.0,0.054719562243501836,1
2020-10-21 09:02:06+00:00,3940.0,4183.333333333333,548.0,0.06175972927241955,1
2020-03-23 08:24:02+00:00,3392.5,3348.333333333333,548.0,-0.01301891427167781,0
2021-01-21 12:11:37+00:00,53400.0,63766.66666666666,43500.0,0.1941323345817726,1
2020-12-01 08:08:24+00:00,2966.666666666666,3102.5,1090.0,0.0457865168539328,1
2020-05-07 12:16:04+00:00,1757.5,1845.166666666667,61400.0,0.04988146040777637,1
2020-03-23 08:24:02+00:00,6395.0,7738.333333333332,548.0,0.21005994266353906,1
2021-01-28 10:18:30+00:00,16275.0,16291.666666666664,423.0,0.0010240655401944237,0
2019-12-22 14:27:51+00:00,21933.33333333333,22416.66666666667,9240.0,0.022036474164134186,0
2019-12-17 14:32:10+00:00,1001.0,1235.0,9240.0,0.23376623376623376,1
2021-01-10 01:03:42+00:00,386500.0,372583.33333333326,2180.0,-0.03600689952565781,0
2021-02-02 12:02:24+00:00,315750.0,317500.0,181.0,0.005542359461599367,0
2020-07-01 02:36:28+00:00,3162.5,2825.0,11600.0,-0.1067193675889328,1
2020-07-20 08:47:38+00:00,2961.666666666666,3382.5,308.0,0.1420934158694431,1
2021-01-07 23:00:00+00:00,9010.0,9520.0,11800.0,0.05660377358490566,1
2019-07-23 13:31:29+00:00,10583.333333333334,9796.666666666666,2720.0,-0.07433070866141743,1
2020-09-07 01:04:59+00:00,65116.66666666666,62583.33333333334,1950.0,-0.038904530330176317,0
2021-01-28 05:35:29+00:00,5388.333333333333,5375.0,5700.0,-0.002474481905351011,0
2021-02-02 15:11:56+00:00,22391.66666666667,22975.0,2120.0,0.0260513583922588,0
2020-07-27 06:28:14+00:00,54783.33333333334,57066.66666666666,12000.0,0.041679342865834745,1
2020-07-15 21:51:14+00:00,3599.166666666666,3607.5,2100.0,0.002315350775642679,0
2020-07-02 05:00:55+00:00,19633.33333333333,19550.0,1950.0,-0.0042444821731746265,0
2021-01-25 13:33:16+00:00,3695.833333333334,3660.0,5010.0,-0.00969560315670817,0
2019-12-22 12:39:20+00:00,1638.0,1644.0,2720.0,0.0036630036630036634,0
2021-01-19 03:49:27+00:00,715.1666666666665,697.0,4510.0,-0.02540200419482617,0
2021-01-25 06:55:41+00:00,72750.0,72816.66666666669,28700.0,0.0009163802978238637,0
2019-02-27 13:30:49+00:00,3560.833333333333,4494.166666666667,9240.0,0.2621109290896328,1
2020-11-12 03:04:53+00:00,4251.666666666667,4293.333333333333,1950.0,0.00980007840062706,0
2020-11-15 15:45:21+00:00,144333.33333333337,154083.33333333337,4700.0,0.06755196304849882,1
2020-07-27 14:26:14+00:00,6193.333333333332,6995.0,2100.0,0.12944025834230374,1
2021-01-28 05:35:29+00:00,5885.0,5910.0,5700.0,0.004248088360237893,0
2020-10-25 00:00:02+00:00,806166.6666666665,799666.6666666665,529000.0,-0.008062848873268556,0
2020-09-01 14:18:22+00:00,10166.666666666666,10183.333333333334,43500.0,0.0016393442622952017,0
2020-07-26 13:29:25+00:00,46650.0,49091.66666666666,317.0,0.05234012147195406,1
2020-09-02 22:16:02+00:00,1215.0,1332.5,15200.0,0.09670781893004116,1
2020-07-20 11:01:55+00:00,6041.666666666668,5951.666666666668,4010.0,-0.014896551724137928,0
2020-07-26 13:29:25+00:00,3370.833333333333,3608.333333333334,317.0,0.07045735475896196,1
2020-03-23 14:37:38+00:00,71283.33333333331,69233.33333333331,9240.0,-0.028758475566986214,0
2021-01-19 03:49:27+00:00,5210.0,5833.333333333332,4510.0,0.11964171465131135,1
2021-01-20 15:14:31+00:00,3345.833333333333,3593.333333333333,2380.0,0.07397260273972603,1
2020-10-12 02:59:00+00:00,3275.0,3185.0,1950.0,-0.02748091603053435,0
2021-01-25 13:21:01+00:00,16758.333333333332,19808.33333333333,2320.0,0.18199900546991526,1
2021-02-02 16:26:14+00:00,26633.33333333333,28800.0,787.0,0.08135168961201522,1
2019-02-19 12:33:41+00:00,26033.33333333333,26500.0,9240.0,0.017925736235595582,0
2021-01-21 09:48:35+00:00,1396.666666666667,1495.0,9020.0,0.07040572792362745,1
2018-12-17 09:55:33+00:00,16216.666666666664,21975.0,186.0,0.3550873586844812,1
2019-10-16 02:36:57+00:00,7888.333333333332,7785.0,50100.0,-0.01309951405028508,0
2021-01-13 07:27:19+00:00,203250.0,207250.0,119000.0,0.01968019680196802,0
2020-04-20 08:32:47+00:00,5296.666666666667,6766.666666666668,2380.0,0.27753303964757725,1
2021-01-05 11:50:49+00:00,57183.33333333334,55383.33333333334,2180.0,-0.031477703293500435,0
2020-12-07 07:23:31+00:00,3039.166666666666,3060.833333333333,937.0,0.0071291472443104935,0
2020-11-12 08:13:34+00:00,4429.166666666667,4384.166666666667,25100.0,-0.010159924741298213,0
2019-11-14 00:56:23+00:00,6833.333333333332,7545.0,3060.0,0.10414634146341482,1
2019-09-05 08:11:41+00:00,1230.3333333333333,1269.6666666666667,2380.0,0.031969655919805065,0
2020-11-25 08:14:31+00:00,2511.6666666666665,2447.5,3250.0,-0.025547445255474397,0
2021-01-18 02:52:09+00:00,2916.666666666666,2827.5,1950.0,-0.030571428571428368,0
2021-01-28 05:35:29+00:00,3404.166666666666,3405.833333333333,5700.0,0.0004895960832314233,0
2020-10-18 09:28:12+00:00,136916.66666666663,135583.33333333337,2210.0,-0.009738283627510088,0
2020-04-02 11:20:37+00:00,10350.0,12016.666666666664,49.0,0.16103059581320428,1
2020-07-27 13:25:51+00:00,66650.0,60616.66666666666,317.0,-0.09052263065766457,1
2020-07-09 08:10:46+00:00,7148.333333333332,7295.0,548.0,0.020517603170902482,0
2021-01-28 22:30:48+00:00,13783.333333333336,13583.333333333336,1640.0,-0.01451027811366384,0
2019-07-23 13:31:29+00:00,6236.666666666668,6248.333333333332,2720.0,0.0018706574024581887,0
2021-01-25 13:21:01+00:00,3024.166666666666,2953.333333333333,2320.0,-0.023422430421603645,0
2019-11-07 17:06:46+00:00,12550.0,12525.0,9200.0,-0.00199203187250996,0
2020-07-23 06:17:46+00:00,1959.166666666667,1967.5,4750.0,0.004253509145044507,0
2020-10-15 02:25:21+00:00,10783.333333333334,10458.333333333334,1090.0,-0.030139103554868624,0
2021-01-28 22:30:48+00:00,3188.333333333333,3173.333333333333,1640.0,-0.004704652378463147,0
2019-05-20 01:22:23+00:00,4452.5,4391.666666666667,7390.0,-0.013662736290473449,0
2020-08-24 11:13:32+00:00,26825.0,28741.66666666667,1090.0,0.0714507611059337,1
2021-02-03 09:49:22+00:00,3102.5,2008.333333333333,289.0,-0.35267257587966705,1
2021-01-27 07:56:27+00:00,7710.0,7618.333333333332,1770.0,-0.011889321227842786,0
2020-10-22 21:36:38+00:00,16200.0,18833.33333333333,4780.0,0.1625514403292178,1
2019-05-29 06:22:44+00:00,3109.166666666666,3125.0,35900.0,0.00509246850710285,0
2020-11-10 10:17:44+00:00,15166.666666666664,19508.33333333333,548.0,0.2862637362637361,1
2020-04-22 07:50:03+00:00,3702.5,4053.333333333334,3660.0,0.09475579563358108,1
2021-01-13 12:09:44+00:00,2825.833333333333,3512.5,181.0,0.24299616632261886,1
2021-02-01 08:14:34+00:00,57533.33333333334,56400.0,548.0,-0.019698725376593444,0
2020-04-22 10:43:01+00:00,2570.833333333333,3537.5,61400.0,0.37601296596434375,1
2020-06-18 07:00:09+00:00,4999.166666666667,5303.333333333333,14700.0,0.0608434739123186,1
2020-07-30 05:22:07+00:00,5966.666666666668,5783.333333333332,317.0,-0.030726256983240625,0
2020-12-23 13:08:09+00:00,66600.0,62183.33333333334,13600.0,-0.06631631631631618,1
2020-12-22 01:46:35+00:00,7488.333333333332,9310.0,3990.0,0.2432673046961943,1
2019-12-17 07:39:48+00:00,1805.833333333333,2128.333333333333,156.0,0.17858790955237658,1
2021-01-10 13:31:28+00:00,62150.0,63466.66666666666,11800.0,0.02118530437114492,0
2021-01-18 07:52:44+00:00,8738.333333333334,10273.333333333334,548.0,0.17566278847987793,1
2020-12-01 08:08:24+00:00,8193.333333333334,8578.333333333334,1090.0,0.04698942229454841,1
2020-07-13 01:20:33+00:00,4546.666666666667,4380.0,3990.0,-0.03665689149560124,0
2020-07-29 10:21:43+00:00,5503.333333333332,5775.0,2380.0,0.04936402180496692,1
2019-06-12 07:30:17+00:00,3183.5,3113.5,2380.0,-0.021988377571854883,0
2020-03-02 06:40:04+00:00,11108.333333333336,11308.333333333336,105000.0,0.018004501125281316,0
2020-10-25 10:00:10+00:00,3959.166666666666,4004.166666666666,3960.0,0.01136602820458851,0
2020-10-18 09:28:12+00:00,2413.333333333333,2385.833333333333,2210.0,-0.011395027624309394,0
2021-01-25 13:21:01+00:00,17666.666666666668,17433.333333333332,2320.0,-0.013207547169811457,0
2021-02-04 10:02:46+00:00,50466.66666666666,50200.0,17900.0,-0.0052840158520473645,0
2020-09-03 08:38:49+00:00,12233.333333333336,15025.0,548.0,0.228201634877384,1
2020-07-15 06:30:01+00:00,9003.333333333334,9018.333333333334,7040.0,0.0016660496112550903,0
2020-05-20 06:33:41+00:00,24583.33333333333,25458.33333333333,1950.0,0.035593220338983066,0
2021-01-26 13:23:01+00:00,48033.33333333334,49441.66666666666,420.0,0.029319916724496468,0
2020-07-06 04:49:58+00:00,2449.1666666666665,2592.5,19900.0,0.05852330724736311,1
2019-02-20 13:55:25+00:00,51850.0,54516.66666666666,9240.0,0.05143040822886513,1
2021-01-06 03:19:51+00:00,3979.166666666666,4086.666666666666,1090.0,0.027015706806282725,0
2020-11-12 03:04:53+00:00,1257.5,1238.3333333333333,1950.0,-0.015241882041086872,0
2020-10-21 04:55:16+00:00,62700.0,63366.66666666666,1090.0,0.010632642211589426,0
2019-10-15 02:02:33+00:00,3460.833333333333,3547.5,1090.0,0.025042138213339844,0
2020-08-05 09:56:14+00:00,8493.333333333334,9251.666666666666,2970.0,0.08928571428571414,1
2020-07-07 08:26:18+00:00,1564.166666666667,1569.166666666667,548.0,0.0031965903036760787,0
2020-07-23 06:17:46+00:00,2673.333333333333,2612.5,4750.0,-0.02275561097256847,0
2021-01-10 09:31:36+00:00,78583.33333333331,77700.0,197.0,-0.011240721102862958,0
2021-01-05 08:16:44+00:00,1980.0,2238.333333333333,548.0,0.13047138047138032,1
2021-01-17 00:48:41+00:00,35041.666666666664,36875.0,1430.0,0.05231866825208093,1
2020-12-28 10:57:08+00:00,3607.5,3500.833333333333,178.0,-0.02956802956802965,0
2021-01-20 15:14:31+00:00,2812.5,2768.333333333333,2380.0,-0.01570370370370381,0
2020-12-01 23:22:21+00:00,9620.0,10758.333333333334,937.0,0.1183298683298684,1
2020-02-26 01:35:29+00:00,3541.666666666666,3540.833333333333,7390.0,-0.0002352941176469733,0
2021-02-04 11:36:08+00:00,4775.0,5008.333333333333,2180.0,0.04886561954624776,1
2020-06-02 10:41:45+00:00,9451.666666666666,10120.0,2180.0,0.07071063304531837,1
2020-08-04 10:01:13+00:00,17891.666666666668,18300.0,317.0,0.02282254308337208,0
2020-07-26 13:29:25+00:00,3370.833333333333,3608.333333333334,317.0,0.07045735475896196,1
2020-08-24 11:02:07+00:00,3675.0,4425.0,2730.0,0.20408163265306126,1
2021-01-20 12:49:58+00:00,34825.0,34700.0,181.0,-0.0035893754486719313,0
2020-09-22 04:37:12+00:00,65083.33333333334,62900.0,3580.0,-0.0335467349551858,0
2021-01-26 08:44:26+00:00,6446.666666666668,7806.666666666668,2970.0,0.21096173733195445,1
2020-09-03 10:00:02+00:00,4428.333333333333,4075.0,2950.0,-0.07978923598042899,1
2019-10-22 09:10:56+00:00,1136.6666666666667,1129.1666666666667,1090.0,-0.0065982404692082105,0
2021-01-19 10:24:18+00:00,4006.666666666666,4292.5,9020.0,0.07133943427620648,1
2020-06-03 15:22:46+00:00,6145.0,6140.0,2520.0,-0.0008136696501220504,0
2020-10-21 04:55:16+00:00,5050.0,5128.333333333333,1090.0,0.015511551155115454,0
2020-09-03 08:38:49+00:00,7720.0,10758.333333333334,548.0,0.3935664939550951,1
2020-06-18 05:26:19+00:00,50209.66666666666,48632.33333333334,1950.0,-0.031414933379362166,0
2020-07-02 02:39:28+00:00,4685.0,4666.666666666667,11600.0,-0.003913198150124446,0
2020-08-03 11:38:07+00:00,4602.5,6218.333333333332,2380.0,0.35107731305449913,1
2020-07-07 09:22:37+00:00,4767.5,5166.666666666667,37900.0,0.08372662122006648,1
2020-03-30 09:36:58+00:00,8368.333333333334,12175.0,14700.0,0.4548894642501493,1
2020-12-16 16:23:02+00:00,4120.0,4109.166666666667,2380.0,-0.0026294498381876285,0
2020-09-16 05:28:11+00:00,2780.333333333333,2907.333333333333,15200.0,0.04567797626183912,1
2020-11-23 17:13:50+00:00,214500.0,201400.0,2490.0,-0.061072261072261075,1
2021-02-04 03:42:49+00:00,2624.1666666666665,2336.6666666666665,4170.0,-0.10955859002858052,1
2021-01-17 03:01:43+00:00,8150.0,8066.666666666668,181.0,-0.010224948875255477,0
2020-10-19 06:25:41+00:00,5871.666666666668,5936.666666666668,61400.0,0.011070110701107009,0
2021-01-20 10:10:48+00:00,88450.0,87383.33333333331,39000.0,-0.012059543998492777,0
2021-01-28 10:18:30+00:00,1655.833333333333,1738.333333333333,423.0,0.049823855057876204,1
2021-01-26 01:55:26+00:00,4880.833333333333,4905.0,4210.0,0.004951340276592175,0
2020-08-03 21:00:03+00:00,9648.333333333334,9945.0,2030.0,0.03074797028847808,0
2019-10-21 05:15:21+00:00,8041.666666666668,7938.333333333332,1090.0,-0.012849740932642786,0
2020-02-10 23:16:11+00:00,1296.6666666666667,1290.8333333333333,1090.0,-0.004498714652956415,0
2020-11-26 08:42:18+00:00,11966.666666666664,12566.666666666664,39000.0,0.050139275766016726,1
2020-07-15 21:51:14+00:00,1655.833333333333,1579.166666666667,2100.0,-0.046300956215399744,1
2020-12-16 15:59:21+00:00,1438.333333333333,1524.166666666667,2560.0,0.059675550405562425,1
2020-12-07 23:00:54+00:00,10475.0,9333.333333333334,1880.0,-0.10898965791567218,1
2020-04-21 07:49:14+00:00,1780.0,2006.666666666667,548.0,0.12734082397003765,1
2020-12-16 08:01:19+00:00,70366.66666666669,69216.66666666669,2970.0,-0.016342965419232587,0
2020-02-13 05:57:49+00:00,1024.0,1249.1666666666667,7390.0,0.21988932291666674,1
2020-10-21 07:21:08+00:00,10013.333333333334,10266.666666666666,937.0,0.025299600532623045,0
2020-07-22 01:59:42+00:00,1615.0,1522.5,15200.0,-0.05727554179566564,1
2020-07-06 08:21:15+00:00,3191.666666666666,3604.166666666666,548.0,0.12924281984334207,1
2020-09-02 08:26:08+00:00,15725.0,17400.0,2380.0,0.10651828298887124,1
2020-02-09 02:50:56+00:00,5940.0,6025.0,548.0,0.014309764309764309,0
2020-10-18 09:28:12+00:00,234333.33333333328,198000.0,2210.0,-0.1550497866287338,1
2021-01-07 14:44:44+00:00,16733.333333333332,16983.333333333332,914.0,0.014940239043824704,0
2020-10-25 00:00:02+00:00,7556.666666666668,7461.666666666668,529000.0,-0.012571680635200705,0
2020-10-12 02:59:00+00:00,3275.0,3185.0,1950.0,-0.02748091603053435,0
2019-11-28 07:24:51+00:00,20800.0,25483.33333333333,2380.0,0.22516025641025614,1
2020-11-10 08:25:55+00:00,95166.66666666669,94466.66666666669,2380.0,-0.007355516637478106,0
2020-09-15 06:18:06+00:00,877.3333333333335,875.6666666666665,39.0,-0.001899696048632564,0
2020-07-06 04:49:58+00:00,1697.5,1726.666666666667,19900.0,0.017182130584192618,0
2020-12-14 03:33:53+00:00,361788.16666666674,346403.5,1580.0,-0.042523963147864365,1
2020-05-19 05:01:44+00:00,29933.33333333333,30058.33333333333,3960.0,0.004175946547884188,0
2020-07-01 02:36:28+00:00,11616.666666666664,11216.666666666664,11600.0,-0.03443328550932569,0
2020-04-06 06:57:42+00:00,38016.66666666666,39600.0,1090.0,0.04164839982463858,1
2020-12-16 16:23:02+00:00,5340.0,5518.333333333332,2380.0,0.033395755305867435,0
2020-09-14 09:35:24+00:00,104216.66666666669,111116.66666666669,4510.0,0.06620822005437389,1
2019-12-26 13:03:43+00:00,10425.0,10591.666666666666,5010.0,0.01598721023181449,0
2021-01-21 10:44:19+00:00,278416.66666666674,282833.33333333326,42800.0,0.015863513917988063,0
2019-12-29 16:38:30+00:00,55850.0,56250.0,16200.0,0.007162041181736795,0
2021-01-05 11:50:49+00:00,52150.0,65766.66666666669,2180.0,0.2611057845957179,1
2020-04-01 11:12:44+00:00,2464.1666666666665,2817.5,49.0,0.143388569496111,1
2020-12-14 06:29:49+00:00,6541.666666666668,6411.666666666668,1090.0,-0.01987261146496815,0
2020-10-27 03:05:31+00:00,4375.833333333333,4375.833333333333,1950.0,0.0,0
2020-08-03 11:30:03+00:00,9648.333333333334,9945.0,2950.0,0.03074797028847808,0
2020-05-05 06:27:35+00:00,11150.0,11375.0,3960.0,0.020179372197309416,0
2020-07-27 06:00:02+00:00,16150.0,15950.0,105000.0,-0.01238390092879257,0
2020-07-15 21:51:14+00:00,1213.3333333333333,1237.5,2100.0,0.019917582417582482,0
2019-12-05 08:46:03+00:00,7301.666666666668,7068.333333333332,1610.0,-0.03195617438940914,0
2020-09-14 09:15:01+00:00,9670.0,10216.666666666666,6760.0,0.05653223026542565,1
2020-10-25 00:00:02+00:00,30408.33333333333,29666.66666666667,529000.0,-0.02439024390243871,0
2020-07-20 08:54:23+00:00,2643.333333333333,3380.0,50100.0,0.2786885245901641,1
2020-07-15 21:51:14+00:00,1213.3333333333333,1237.5,2100.0,0.019917582417582482,0
2019-12-11 12:02:03+00:00,20875.0,23258.33333333333,35200.0,0.11417165668662653,1
2020-11-05 04:10:44+00:00,2991.666666666666,2994.166666666666,1640.0,0.0008356545961002787,0
2020-06-04 12:35:33+00:00,4305.833333333333,4590.833333333333,17900.0,0.06618927811108961,1
2020-07-22 12:51:24+00:00,1214.1666666666667,1242.5,2100.0,0.023335621139327318,0
2020-12-29 22:54:59+00:00,4133.333333333333,4789.166666666667,1880.0,0.15866935483870984,1
2020-12-16 04:59:42+00:00,24483.33333333333,25050.0,61400.0,0.023144996596324238,0
2020-05-07 10:11:01+00:00,1335.8333333333333,1691.666666666667,473.0,0.2663755458515287,1
2020-12-22 23:35:23+00:00,9825.0,10816.666666666666,6250.0,0.100932994062765,1
2019-05-20 01:22:23+00:00,6335.0,6165.0,7390.0,-0.026835043409629045,0
2020-11-12 03:04:53+00:00,28966.66666666667,29400.0,1950.0,0.014959723820483144,0
2021-01-25 13:21:01+00:00,44058.33333333334,43866.66666666666,2320.0,-0.00435029317193159,0
2020-11-17 12:01:50+00:00,1148.3333333333333,1131.6666666666667,2720.0,-0.014513788098693628,0
2020-07-01 09:05:08+00:00,8276.666666666666,8153.333333333332,477.0,-0.014901329037454766,0
2020-10-26 03:07:20+00:00,25675.0,24283.33333333333,1950.0,-0.054203180785459465,1
2020-12-22 02:13:42+00:00,28925.0,28941.66666666667,421000.0,0.0005762028233940022,0
2020-06-18 07:00:09+00:00,1397.5,1430.0,14700.0,0.02325581395348837,0
2020-01-29 22:38:15+00:00,84533.33333333331,85650.0,1730.0,0.013209779179810956,0
2021-02-02 09:03:22+00:00,12708.333333333336,13166.666666666664,25100.0,0.03606557377049142,0
2021-01-25 13:21:01+00:00,22200.0,21558.33333333333,2320.0,-0.028903903903904123,0
2021-01-28 08:13:36+00:00,4760.0,5073.333333333333,548.0,0.06582633053221283,1
2020-09-23 04:15:38+00:00,58316.66666666666,57933.33333333334,1950.0,-0.00657330665904511,0
2020-07-26 13:29:25+00:00,2518.333333333333,2710.0,317.0,0.07610853739245546,1
2020-07-22 12:51:24+00:00,3700.0,3654.166666666666,2100.0,-0.01238738738738755,0
2020-12-16 15:59:21+00:00,1438.333333333333,1524.166666666667,2560.0,0.059675550405562425,1
2020-07-07 09:22:37+00:00,1047.5,1370.0,37900.0,0.30787589498806683,1
2020-08-25 08:00:04+00:00,278083.33333333326,276000.0,18400.0,-0.007491759065028192,0
2020-07-22 12:51:24+00:00,3552.5,3552.5,2100.0,0.0,0
2019-11-12 09:32:46+00:00,16283.333333333336,16716.666666666668,50100.0,0.026612077789150385,0
2021-01-18 08:58:43+00:00,160666.66666666663,159166.66666666663,52700.0,-0.009336099585062242,0
2020-06-29 06:50:51+00:00,1224.1666666666667,1254.1666666666667,1950.0,0.02450646698434309,0
2020-05-26 08:21:42+00:00,2803.333333333333,3195.0,548.0,0.13971462544589786,1
2021-01-28 05:35:29+00:00,5885.0,5910.0,5700.0,0.004248088360237893,0
2019-12-17 14:32:10+00:00,1001.0,1235.0,9240.0,0.23376623376623376,1
2019-12-16 10:52:54+00:00,2514.1666666666665,2544.1666666666665,1090.0,0.01193238316208154,0
2021-01-19 10:24:18+00:00,8525.0,10541.666666666666,9020.0,0.23655913978494614,1
2020-07-21 10:31:30+00:00,5323.333333333333,5248.333333333333,30900.0,-0.01408891671884784,0
2019-02-17 05:43:44+00:00,4901.666666666667,4824.166666666667,17500.0,-0.015810948656919413,0
2020-10-15 10:32:46+00:00,124833.33333333331,124833.33333333331,95100.0,0.0,0
2020-07-27 14:26:14+00:00,1697.5,1730.833333333333,2100.0,0.019636720667648325,0
2019-10-23 02:03:04+00:00,11316.666666666664,11208.333333333336,1090.0,-0.00957290132547822,0
2020-11-04 02:42:19+00:00,1516.666666666667,1540.0,1950.0,0.015384615384615184,0
2020-07-06 09:31:33+00:00,7263.333333333332,7420.0,1150.0,0.021569527306103887,0
2020-10-25 00:00:02+00:00,806166.6666666665,799666.6666666665,529000.0,-0.008062848873268556,0
2020-08-04 05:42:50+00:00,24825.0,24750.0,2970.0,-0.0030211480362537764,0
2020-05-14 20:18:49+00:00,27191.66666666667,45708.33333333334,3410.0,0.6809684339564818,1
2020-07-01 02:36:28+00:00,17200.0,16591.666666666668,11600.0,-0.0353682170542635,0
2021-01-17 11:03:44+00:00,402416.66666666674,417916.66666666674,2180.0,0.03851729136467177,0
2020-12-13 20:09:15+00:00,98500.0,97066.66666666669,36300.0,-0.014551607445008262,0
2020-09-02 08:30:04+00:00,256633.33333333328,247766.66666666663,50100.0,-0.034549941550850734,0
2021-01-25 13:33:16+00:00,44058.33333333334,43866.66666666666,5010.0,-0.00435029317193159,0
2021-01-06 22:09:48+00:00,5135.0,5125.0,11800.0,-0.0019474196689386566,0
2020-05-26 15:21:28+00:00,6110.0,6231.666666666668,9240.0,0.0199127114020733,0
2020-12-28 05:53:24+00:00,47458.33333333334,47750.0,1090.0,0.006145741878840883,0
2019-10-17 08:57:13+00:00,19933.33333333333,21350.0,43500.0,0.07107023411371262,1
2021-01-11 14:04:18+00:00,197666.66666666663,190250.0,358.0,-0.03752107925800993,0
2020-07-07 09:22:37+00:00,1467.5,1625.0,37900.0,0.10732538330494036,1
2020-11-23 06:38:45+00:00,1263.3333333333333,1245.8333333333333,5760.0,-0.013852242744063327,0
2020-08-13 08:26:09+00:00,9981.666666666666,10183.333333333334,7040.0,0.02020370679579241,0
2021-02-04 07:52:34+00:00,310.6666666666667,351.33333333333326,548.0,0.13090128755364774,1
2019-10-23 07:26:33+00:00,18175.0,17600.0,1090.0,-0.031636863823933985,0
2020-11-08 11:41:44+00:00,8668.333333333334,12000.0,3570.0,0.3843491636223802,1
2020-07-15 21:51:14+00:00,23075.0,22983.33333333333,2100.0,-0.0039725532683281255,0
2020-09-23 04:15:38+00:00,18641.666666666668,17891.666666666668,1950.0,-0.04023245417970496,1
2020-05-26 08:21:42+00:00,1171.6666666666667,1378.333333333333,548.0,0.17638691322901814,1
2019-04-24 08:35:23+00:00,23566.66666666667,23175.0,50100.0,-0.016619519094766822,0
2020-12-07 21:00:12+00:00,6055.0,6256.666666666668,39000.0,0.033305807872282066,0
2020-07-27 06:28:14+00:00,83116.66666666669,83616.66666666669,12000.0,0.006015640665730899,0
