업로드 시간,해당일 평균 주가,다음날 평균 주가,influence,라벨
2021-01-19 10:24:18+00:00,3008.333333333333,3237.5,0.004137614678899082,1
2020-02-04 06:53:06+00:00,2001.666666666667,2048.333333333333,0.009128440366972477,0
2020-04-22 10:43:01+00:00,4965.833333333333,6200.0,0.028165137614678898,1
2021-01-17 03:01:43+00:00,8150.0,8066.666666666668,8.302752293577982e-05,0
2020-07-27 13:25:51+00:00,2710.0,2430.833333333333,0.00014541284403669726,1
2020-10-18 22:35:35+00:00,4255.0,4568.333333333333,0.0004298165137614679,1
2020-11-17 12:01:50+00:00,3369.166666666666,3027.5,0.0012477064220183486,1
2020-12-03 05:16:05+00:00,11700.0,11875.0,0.028165137614678898,0
2019-12-12 09:31:13+00:00,2444.1666666666665,2485.0,0.0005,0
2020-06-25 06:03:17+00:00,32980.333333333336,33208.833333333336,0.0008944954128440367,0
2020-02-18 11:33:00+00:00,23050.0,22541.66666666667,0.028165137614678898,0
2020-09-16 08:27:57+00:00,15500.0,15466.666666666664,0.0005963302752293578,0
2020-12-28 10:57:08+00:00,17075.0,17341.666666666668,8.165137614678899e-05,0
2020-08-24 10:30:07+00:00,10006.666666666666,9795.0,0.0009311926605504587,0
2020-10-29 08:43:57+00:00,5039.166666666667,5706.666666666668,0.0016788990825688072,1
2019-10-21 05:15:21+00:00,8041.666666666668,7938.333333333332,0.0005,0
2020-07-21 12:39:16+00:00,11516.666666666664,10516.666666666666,0.0005504587155963303,1
2020-11-22 08:36:01+00:00,979.6666666666664,1263.3333333333333,0.0007889908256880734,1
2021-01-28 10:18:30+00:00,24608.33333333333,25758.33333333333,0.00019403669724770643,1
2020-12-22 02:13:42+00:00,28925.0,28941.66666666667,0.19311926605504587,0
2020-02-13 07:11:45+00:00,1135.0,1209.1666666666667,0.001091743119266055,1
2020-06-03 15:22:46+00:00,8951.666666666666,9170.0,0.0011559633027522936,0
2020-12-16 09:17:55+00:00,8126.666666666668,10083.333333333334,0.0013623853211009174,1
2021-02-04 10:02:46+00:00,41658.333333333336,41091.66666666666,0.008211009174311926,0
2020-11-09 07:00:00+00:00,2254.1666666666665,2468.333333333333,0.0481651376146789,1
2021-01-28 05:35:29+00:00,5388.333333333333,5375.0,0.002614678899082569,0
2021-01-19 03:49:27+00:00,3250.0,3221.666666666666,0.002068807339449541,0
2021-02-01 07:37:02+00:00,3479.166666666666,3134.166666666666,0.002614678899082569,1
2019-12-19 05:17:40+00:00,56866.66666666666,56050.0,0.03555045871559633,0
2020-07-01 06:00:16+00:00,6283.333333333332,6028.333333333332,0.0481651376146789,1
2020-08-25 05:49:43+00:00,3793.333333333334,5092.5,0.0005045871559633027,1
2020-12-14 08:45:16+00:00,116666.66666666669,116916.66666666669,0.007431192660550459,0
2020-06-02 10:31:50+00:00,17575.0,18875.0,0.005412844036697248,1
2020-08-04 06:00:09+00:00,54500.0,56633.33333333334,0.0481651376146789,0
2020-12-22 23:33:18+00:00,758.5,1206.6666666666667,0.0028669724770642203,1
2021-01-18 07:52:44+00:00,28275.0,30225.0,0.00025137614678899083,1
2020-07-07 09:22:37+00:00,1047.5,1370.0,0.017385321100917433,1
2019-07-02 01:20:49+00:00,3095.0,3147.5,0.0008302752293577982,0
2019-12-22 14:27:51+00:00,2150.0,2105.0,0.004238532110091743,0
2020-07-27 14:26:14+00:00,6193.333333333332,6995.0,0.000963302752293578,1
2020-07-21 12:39:16+00:00,9143.333333333334,12108.333333333336,0.0005504587155963303,1
2020-05-14 09:05:13+00:00,29503.66666666667,38044.5,0.001091743119266055,1
2020-07-22 12:51:24+00:00,23466.66666666667,24216.66666666667,0.000963302752293578,0
2021-01-17 16:01:40+00:00,55916.66666666666,52016.66666666666,0.0006055045871559633,1
2019-02-25 14:33:58+00:00,2153.333333333333,2428.333333333333,0.004238532110091743,1
2020-05-19 05:01:44+00:00,29933.33333333333,30058.33333333333,0.00181651376146789,0
2021-01-25 13:33:16+00:00,46116.66666666666,45050.0,0.002298165137614679,0
2021-01-25 13:21:01+00:00,17666.666666666668,17433.333333333332,0.0010642201834862386,0
2021-01-28 08:13:36+00:00,4760.0,5073.333333333333,0.00025137614678899083,1
2019-11-28 08:52:46+00:00,19725.0,18158.33333333333,0.0027201834862385322,1
2020-02-18 11:33:00+00:00,14150.0,13950.0,0.028165137614678898,0
2020-04-01 11:09:24+00:00,10191.666666666666,12441.666666666664,4.724770642201835e-05,1
2020-10-21 10:00:26+00:00,176585.83333333337,162551.33333333337,0.00518348623853211,1
2021-01-26 13:23:01+00:00,75550.0,75300.0,0.0001926605504587156,0
2021-02-02 11:19:11+00:00,360500.0,351416.66666666674,0.002876146788990826,0
2020-06-23 08:04:18+00:00,3968.333333333334,4158.333333333333,0.00025137614678899083,1
2020-05-19 05:01:44+00:00,3331.666666666666,3355.833333333333,0.00181651376146789,0
2020-06-01 16:55:44+00:00,21575.0,22508.33333333333,0.005412844036697248,1
2019-11-28 08:52:46+00:00,1497.5,1594.166666666667,0.0027201834862385322,1
2020-06-25 06:03:17+00:00,10816.666666666666,11141.666666666664,0.0008944954128440367,0
2020-07-15 21:51:14+00:00,1655.833333333333,1579.166666666667,0.000963302752293578,1
2019-05-07 07:26:47+00:00,1728.333333333333,1646.666666666667,0.0005,1
2020-11-26 05:22:30+00:00,89133.33333333331,88616.66666666669,0.028165137614678898,0
2020-11-16 02:06:52+00:00,2980.0,2959.166666666666,1.0,0
2020-03-30 05:05:05+00:00,2274.1666666666665,2690.833333333333,0.00013073394495412844,1
2020-06-18 07:00:09+00:00,1397.5,1430.0,0.006743119266055046,0
2020-03-23 14:37:38+00:00,6395.0,7738.333333333332,0.004238532110091743,1
2020-09-08 10:40:59+00:00,7306.666666666668,7253.333333333332,0.038899082568807336,0
2020-10-25 09:39:17+00:00,12233.333333333336,12216.666666666664,0.0008577981651376146,0
2021-01-25 13:21:01+00:00,16758.333333333332,19808.33333333333,0.0010642201834862386,1
2020-05-19 05:01:44+00:00,6565.0,6795.0,0.00181651376146789,0
2021-01-20 10:10:48+00:00,88450.0,87383.33333333331,0.017889908256880735,0
2019-09-05 03:25:58+00:00,1230.3333333333333,1269.6666666666667,0.001091743119266055,0
2020-11-10 04:27:19+00:00,2297.5,2350.833333333333,0.0019128440366972478,0
2021-01-25 13:21:01+00:00,22200.0,21558.33333333333,0.0010642201834862386,0
2020-08-11 08:55:40+00:00,7600.833333333332,7626.833333333332,0.0005,0
2020-07-07 09:22:37+00:00,7043.333333333332,7833.333333333332,0.017385321100917433,1
2021-01-25 13:33:16+00:00,46116.66666666666,45050.0,0.002298165137614679,0
2020-12-13 00:00:09+00:00,15725.0,15616.666666666664,0.00010504587155963303,0
2020-11-26 05:25:52+00:00,5545.0,5351.666666666667,0.0023440366972477065,0
2020-08-06 15:05:45+00:00,2093.0,1935.0,0.002298165137614679,1
2020-03-23 14:37:38+00:00,21783.33333333333,23333.33333333333,0.004238532110091743,1
2020-11-12 03:04:53+00:00,28966.66666666667,29400.0,0.0008944954128440367,0
2020-05-25 07:30:02+00:00,10528.333333333334,11141.666666666664,0.006743119266055046,1
2020-10-12 02:59:00+00:00,4723.333333333333,4588.333333333333,0.0008944954128440367,0
2020-11-02 08:17:12+00:00,46016.66666666666,46966.66666666666,0.0002169724770642202,0
2019-12-29 16:38:30+00:00,55850.0,56250.0,0.007431192660550459,0
2021-01-25 13:33:16+00:00,3695.833333333334,3660.0,0.002298165137614679,0
2019-12-17 14:32:10+00:00,23691.66666666667,24091.66666666667,0.004238532110091743,0
2020-09-23 08:26:55+00:00,4018.333333333334,4136.666666666667,0.0005,0
2020-07-07 08:26:18+00:00,1564.166666666667,1569.166666666667,0.00025137614678899083,0
2019-04-24 08:35:23+00:00,23566.66666666667,23175.0,0.02298165137614679,0
2021-01-19 03:49:27+00:00,1692.5,1548.333333333333,0.002068807339449541,1
2020-12-07 21:00:12+00:00,6055.0,6256.666666666668,0.017889908256880735,0
2020-02-13 08:36:32+00:00,258500.0,257083.33333333328,0.001224770642201835,0
2021-02-02 11:19:11+00:00,183366.66666666663,179233.33333333337,0.002876146788990826,0
2020-02-13 05:57:49+00:00,11566.666666666664,13025.0,0.0033899082568807338,1
2020-08-24 11:13:32+00:00,33091.666666666664,33433.333333333336,0.0005,0
2020-12-07 14:47:26+00:00,79850.0,85983.33333333331,0.08256880733944955,1
2019-11-28 07:24:51+00:00,20800.0,25483.33333333333,0.001091743119266055,1
2021-01-28 10:18:30+00:00,1655.833333333333,1738.333333333333,0.00019403669724770643,1
2020-04-27 08:29:25+00:00,5191.666666666667,5183.333333333333,0.006743119266055046,0
2020-11-12 03:04:53+00:00,3434.166666666666,3401.666666666666,0.0008944954128440367,0
2021-01-28 08:13:36+00:00,11175.0,12566.666666666664,0.00025137614678899083,1
2020-12-16 04:59:42+00:00,53850.0,56266.66666666666,0.028165137614678898,1
2021-02-02 16:35:37+00:00,1648.333333333333,1685.0,0.0003610091743119266,0
2020-10-06 06:59:19+00:00,14333.333333333336,14350.0,0.013440366972477065,0
2021-01-27 09:03:11+00:00,46541.66666666666,44266.66666666666,0.014174311926605504,1
2020-08-24 11:02:07+00:00,41050.0,41675.0,0.0012522935779816513,0
2021-01-17 11:03:44+00:00,171583.33333333337,170083.33333333337,0.001,0
2019-12-17 14:32:10+00:00,1933.333333333333,2689.1666666666665,0.004238532110091743,1
2020-11-26 05:25:52+00:00,29566.66666666667,29325.0,0.0023440366972477065,0
2020-12-09 15:39:44+00:00,20483.33333333333,20833.33333333333,0.00041926605504587157,0
2020-09-03 08:38:49+00:00,7720.0,10758.333333333334,0.00025137614678899083,1
2020-08-04 13:28:59+00:00,4075.833333333334,3858.333333333334,0.0008577981651376146,1
2020-09-13 21:00:03+00:00,3778.333333333334,3842.5,0.0009311926605504587,0
2019-02-19 12:33:41+00:00,26033.33333333333,26500.0,0.004238532110091743,0
2020-05-07 10:11:01+00:00,397.66666666666674,451.0,0.0002169724770642202,1
2020-11-15 15:45:21+00:00,31541.66666666667,32208.33333333333,0.0021559633027522936,0
2020-07-20 08:54:23+00:00,11108.333333333336,11358.333333333336,0.02298165137614679,0
2020-11-12 09:01:29+00:00,2620.833333333333,3176.666666666666,0.0034678899082568808,1
2019-05-12 01:50:29+00:00,9960.0,10166.666666666666,0.017385321100917433,0
2020-10-19 01:38:14+00:00,3533.333333333333,3207.5,0.0005,1
2019-11-18 08:29:45+00:00,6740.0,7831.666666666668,0.004018348623853211,1
2020-08-27 08:17:28+00:00,4742.5,5970.0,0.00025137614678899083,1
2020-12-17 16:21:01+00:00,10083.333333333334,9726.666666666666,0.0007660550458715597,0
2019-11-20 00:43:09+00:00,2824.166666666666,2852.5,0.0005045871559633027,0
2020-11-17 14:01:14+00:00,2730.833333333333,2426.6666666666665,0.0010642201834862386,1
2020-11-10 08:25:55+00:00,31108.16666666667,31270.33333333333,0.001091743119266055,0
2020-10-25 00:00:02+00:00,30408.33333333333,29666.66666666667,0.2426605504587156,0
2020-09-16 08:27:57+00:00,18991.666666666668,18841.666666666668,0.0005963302752293578,0
2021-01-28 10:18:30+00:00,30800.0,32250.0,0.00019403669724770643,1
2020-09-13 02:45:03+00:00,2685.0,3172.5,0.0009311926605504587,1
2020-12-15 10:54:22+00:00,12627.5,12730.833333333336,0.0013623853211009174,0
2020-11-12 03:04:53+00:00,3434.166666666666,3401.666666666666,0.0008944954128440367,0
2020-10-12 02:59:00+00:00,9491.666666666666,8856.666666666666,0.0008944954128440367,1
2019-12-22 14:27:51+00:00,2957.5,3194.166666666666,0.004238532110091743,1
2020-10-21 12:02:44+00:00,1935.0,2415.833333333333,0.001091743119266055,1
2020-07-07 09:22:37+00:00,4337.5,4365.833333333333,0.017385321100917433,0
2021-01-28 22:30:48+00:00,3188.333333333333,3173.333333333333,0.0007522935779816514,0
2020-07-07 08:26:18+00:00,488.83333333333326,466.0,0.00025137614678899083,1
2020-11-10 10:17:44+00:00,5166.666666666667,6851.666666666668,0.00025137614678899083,1
2020-03-24 09:00:27+00:00,24246.0,25426.5,0.003711009174311927,1
2019-04-02 15:22:46+00:00,13533.333333333336,13866.666666666664,0.004238532110091743,0
2020-09-15 06:18:06+00:00,4604.166666666667,4523.333333333333,1.7889908256880734e-05,0
2021-01-27 13:10:18+00:00,1613.333333333333,1572.5,0.00011697247706422018,0
2020-05-17 13:46:16+00:00,3915.0,4913.333333333333,0.001334862385321101,1
2020-09-15 12:24:28+00:00,4232.5,4385.5,0.004137614678899082,0
2020-09-23 02:35:47+00:00,8185.0,7973.333333333332,0.0008944954128440367,0
2020-01-06 09:36:07+00:00,9081.666666666666,8921.666666666666,0.04362385321100917,0
2019-05-07 07:47:35+00:00,1728.333333333333,1646.666666666667,0.0005,1
2020-12-07 21:00:12+00:00,155383.33333333337,149350.0,0.017889908256880735,0
2020-12-29 07:22:36+00:00,118033.33333333331,124183.33333333331,0.012201834862385321,1
2021-01-26 08:52:35+00:00,6446.666666666668,7806.666666666668,0.008211009174311926,1
2019-12-10 21:00:05+00:00,116333.33333333331,118916.66666666669,0.0012477064220183486,0
2020-12-17 10:17:30+00:00,7631.666666666668,9115.0,0.0013623853211009174,1
2020-08-24 11:13:32+00:00,3594.166666666666,3775.0,0.0005,1
2020-06-04 04:38:12+00:00,10008.333333333334,9893.333333333334,0.0008944954128440367,0
2019-06-18 14:27:21+00:00,4094.166666666666,4020.833333333334,0.004238532110091743,0
2020-02-12 09:49:18+00:00,4522.5,4482.5,0.0005,0
2020-10-06 16:00:13+00:00,30125.0,30408.33333333333,0.013165137614678898,0
2020-12-13 14:47:22+00:00,9290.0,9763.333333333334,0.006559633027522936,1
2020-12-23 23:12:13+00:00,4510.0,4707.5,0.0004298165137614679,1
2020-04-22 10:43:01+00:00,15091.666666666664,15750.0,0.028165137614678898,1
2021-01-25 13:21:01+00:00,3695.833333333334,3660.0,0.0010642201834862386,0
2021-01-17 11:03:44+00:00,58433.33333333334,58466.66666666666,0.001,0
2020-10-05 11:18:58+00:00,38925.0,49858.33333333334,0.001091743119266055,1
2020-08-20 08:53:56+00:00,1513.333333333333,1441.666666666667,0.01298165137614679,1
2020-07-06 13:01:50+00:00,11833.333333333336,13900.0,0.03555045871559633,1
2020-12-28 10:57:08+00:00,84045.83333333331,87564.0,8.165137614678899e-05,1
2020-07-30 05:22:07+00:00,3068.333333333333,3047.5,0.00014541284403669726,0
2019-12-17 14:32:10+00:00,717.3333333333335,994.6666666666664,0.004238532110091743,1
2020-10-21 09:02:06+00:00,8700.0,11400.0,0.00025137614678899083,1
2019-07-18 14:28:21+00:00,6275.0,6970.0,0.004238532110091743,1
2020-07-01 09:05:08+00:00,3324.166666666666,3325.0,0.0002188073394495413,0
2020-09-14 10:07:08+00:00,62033.33333333334,64783.33333333334,0.0002169724770642202,1
2021-01-21 09:03:02+00:00,46058.33333333334,47750.0,0.008211009174311926,0
2020-12-14 15:06:30+00:00,19233.33333333333,23908.33333333333,0.0005045871559633027,1
2021-02-02 13:53:45+00:00,7093.333333333332,7185.0,0.00011697247706422018,0
2020-06-23 08:36:04+00:00,3070.833333333333,3028.333333333333,0.010504587155963302,0
2020-10-27 03:05:31+00:00,12616.666666666664,12991.666666666664,0.0008944954128440367,0
2019-01-06 03:15:43+00:00,783.3333333333335,857.3333333333335,0.0008807339449541285,1
2020-02-27 10:56:52+00:00,10616.666666666666,9915.0,0.0005,1
2021-01-19 03:49:27+00:00,5210.0,5833.333333333332,0.002068807339449541,1
2019-11-14 00:56:23+00:00,6833.333333333332,7545.0,0.0014036697247706421,1
2020-06-18 05:26:19+00:00,149898.16666666663,153586.83333333337,0.0008944954128440367,0
2020-07-01 02:36:28+00:00,17200.0,16591.666666666668,0.005321100917431192,0
2020-10-25 00:00:02+00:00,806166.6666666665,799666.6666666665,0.2426605504587156,0
2020-09-16 05:28:11+00:00,8836.666666666666,8765.0,0.006972477064220183,0
2020-09-02 08:26:08+00:00,15725.0,17400.0,0.001091743119266055,1
2020-09-07 01:04:59+00:00,2950.0,3212.5,0.0008944954128440367,1
2020-01-06 08:24:30+00:00,7421.666666666668,7346.666666666668,0.19311926605504587,0
2020-05-25 03:24:03+00:00,6988.333333333332,7386.666666666668,0.0008944954128440367,1
2020-10-05 11:18:58+00:00,13941.666666666664,14341.666666666664,0.001091743119266055,0
2020-11-02 08:17:12+00:00,237891.5,245583.83333333328,0.0002169724770642202,0
2021-02-04 10:02:46+00:00,45366.66666666666,44300.0,0.008211009174311926,0
2020-09-14 09:15:01+00:00,15616.666666666664,15716.666666666664,0.0031009174311926605,0
2021-01-27 15:28:34+00:00,41900.0,37958.333333333336,0.00011100917431192661,1
2020-11-04 02:42:19+00:00,3539.166666666666,3504.166666666666,0.0008944954128440367,0
2020-10-12 09:46:38+00:00,13241.666666666664,13666.666666666664,0.00518348623853211,0
2020-12-20 18:41:10+00:00,93750.0,91416.66666666669,0.01665137614678899,0
2020-12-14 06:29:49+00:00,11883.333333333336,11350.0,0.0005,1
2020-09-13 21:00:03+00:00,4070.0,3793.333333333334,0.0009311926605504587,1
2020-06-29 06:50:51+00:00,1315.8333333333333,1386.666666666667,0.0008944954128440367,1
2021-01-28 10:18:30+00:00,17641.666666666668,18450.0,0.00019403669724770643,1
2020-01-28 07:43:52+00:00,38083.333333333336,37691.66666666666,0.0481651376146789,0
2021-01-28 10:18:30+00:00,24608.33333333333,25758.33333333333,0.00019403669724770643,1
2021-02-01 08:16:24+00:00,1760.833333333333,1865.0,0.04362385321100917,1
2019-05-29 06:22:44+00:00,3109.166666666666,3125.0,0.016467889908256882,0
2020-08-05 09:56:14+00:00,13283.333333333336,13966.666666666664,0.0013623853211009174,1
2020-11-23 06:38:45+00:00,1263.3333333333333,1245.8333333333333,0.0026422018348623852,0
2020-10-15 07:27:18+00:00,2731.6666666666665,2780.0,0.0004298165137614679,0
2021-02-01 03:58:44+00:00,3962.5,4049.166666666666,0.0019128440366972478,0
2019-12-12 09:31:13+00:00,2559.1666666666665,2476.6666666666665,0.0005,0
2021-02-02 08:00:06+00:00,7296.666666666668,7326.666666666668,0.0017522935779816513,0
2020-10-21 04:55:16+00:00,62700.0,63366.66666666666,0.0005,0
2020-06-02 09:08:32+00:00,47816.66666666666,48300.33333333334,0.0005,0
2019-12-17 14:01:40+00:00,2544.1666666666665,2703.333333333333,0.016146788990825688,1
2021-01-26 17:04:45+00:00,156900.0,151366.66666666663,0.0007247706422018349,0
2020-12-09 09:59:53+00:00,77500.0,73050.0,0.0023440366972477065,1
2021-01-26 11:34:21+00:00,29191.66666666667,25800.0,2.8440366972477063e-05,1
2020-07-26 13:29:25+00:00,7691.666666666668,10016.666666666666,0.00014541284403669726,1
2020-09-24 20:45:30+00:00,15208.333333333336,14850.0,0.0003610091743119266,0
2020-11-12 02:40:50+00:00,2290.833333333333,2302.5,0.0008944954128440367,0
2020-10-25 03:43:11+00:00,141916.66666666663,141416.66666666663,0.017889908256880735,0
2020-11-12 03:04:53+00:00,4251.666666666667,4293.333333333333,0.0008944954128440367,0
2020-08-13 08:26:09+00:00,17508.333333333332,19658.33333333333,0.0032293577981651377,1
2020-06-29 09:25:47+00:00,6473.333333333332,6603.333333333332,0.014678899082568808,0
2020-10-26 03:07:20+00:00,17850.0,17508.333333333332,0.0008944954128440367,0
2020-10-21 09:02:06+00:00,1935.0,2415.833333333333,0.00025137614678899083,1
2021-01-10 13:31:28+00:00,2917.5,2919.166666666666,0.005412844036697248,0
2020-10-21 09:02:06+00:00,1935.0,2415.833333333333,0.00025137614678899083,1
2020-08-12 07:24:20+00:00,5525.0,7563.333333333332,0.0016788990825688072,1
2020-11-12 02:40:50+00:00,44933.33333333334,44658.33333333334,0.0008944954128440367,0
2019-11-17 15:45:58+00:00,3601.666666666666,3751.666666666666,0.00022247706422018348,1
2021-01-10 09:31:36+00:00,78583.33333333331,77700.0,9.036697247706422e-05,0
2019-06-24 07:14:45+00:00,3114.166666666666,3226.666666666666,0.001091743119266055,0
2020-02-16 13:30:02+00:00,10483.333333333334,9923.333333333334,0.014678899082568808,1
2020-10-13 04:00:01+00:00,2885.0,2933.333333333333,0.0032247706422018347,0
2021-01-28 05:35:29+00:00,3725.0,3704.166666666666,0.002614678899082569,0
2020-03-23 14:37:38+00:00,17708.333333333332,15825.0,0.004238532110091743,1
2020-12-14 14:18:40+00:00,20858.33333333333,20725.0,0.00041926605504587157,0
2020-10-19 01:38:14+00:00,16925.0,16304.166666666664,0.0005,0
2020-09-02 22:16:02+00:00,16616.666666666668,16675.0,0.006972477064220183,0
2020-02-16 13:30:02+00:00,783.5,777.1666666666665,0.014678899082568808,0
2018-12-17 15:52:32+00:00,512.8333333333334,522.3333333333334,0.00010642201834862385,0
2021-02-04 14:11:43+00:00,47791.66666666666,45158.33333333334,0.0005504587155963303,1
2021-02-01 09:35:59+00:00,732500.0,751333.3333333335,0.07477064220183487,0
2020-07-02 02:39:28+00:00,4685.0,4666.666666666667,0.005321100917431192,0
2019-12-22 12:39:20+00:00,3025.0,3004.166666666666,0.0012477064220183486,0
2019-10-21 12:26:38+00:00,4315.0,4121.666666666667,0.002298165137614679,1
2020-10-12 02:59:00+00:00,10191.666666666666,9363.333333333334,0.0008944954128440367,1
2019-12-16 10:52:54+00:00,2557.5,2569.1666666666665,0.0005,0
2021-01-19 03:49:27+00:00,55066.66666666666,55116.66666666666,0.002068807339449541,0
2021-01-10 13:31:28+00:00,11275.0,11600.0,0.005412844036697248,0
2019-10-21 12:26:38+00:00,27316.66666666667,26975.0,0.002298165137614679,0
2020-07-09 08:10:46+00:00,7148.333333333332,7295.0,0.00025137614678899083,0
2020-07-27 13:25:51+00:00,2710.0,2430.833333333333,0.00014541284403669726,1
2020-06-22 10:34:54+00:00,22387.83333333333,27089.5,0.011513761467889908,1
2020-11-09 12:14:45+00:00,46358.5,44273.16666666666,0.004137614678899082,1
2020-12-16 04:59:42+00:00,8126.666666666668,10083.333333333334,0.028165137614678898,1
2020-04-12 11:32:01+00:00,87797.83333333331,87458.33333333331,0.019908256880733943,0
2020-10-25 00:00:02+00:00,30408.33333333333,29666.66666666667,0.2426605504587156,0
2020-07-06 12:05:42+00:00,13600.0,13766.666666666664,0.0005275229357798165,0
2021-01-17 16:01:40+00:00,10875.0,10475.0,0.0006055045871559633,0
2021-02-03 09:49:22+00:00,3102.5,2008.333333333333,0.00013256880733944953,1
2019-04-23 14:58:11+00:00,1650.0,1717.5,0.004238532110091743,1
2021-01-05 08:38:02+00:00,3076.666666666666,3195.833333333333,0.008440366972477064,0
2021-01-19 03:49:27+00:00,8525.0,10541.666666666666,0.002068807339449541,1
2020-11-26 05:25:52+00:00,5545.0,5351.666666666667,0.0023440366972477065,0
2020-06-23 10:48:09+00:00,10325.0,10166.666666666666,0.014174311926605504,0
2020-11-09 12:14:45+00:00,25083.33333333333,26700.0,0.004137614678899082,1
2020-12-14 13:41:43+00:00,13941.666666666664,13866.666666666664,0.004206422018348623,0
2020-08-11 13:53:59+00:00,1860.833333333333,1725.833333333333,0.002298165137614679,1
2020-07-27 15:16:06+00:00,1666.666666666667,1797.5,0.0031972477064220184,1
2021-01-17 11:03:44+00:00,171583.33333333337,170083.33333333337,0.001,0
2020-06-22 10:34:54+00:00,8200.0,8405.0,0.011513761467889908,0
2019-10-22 09:39:09+00:00,9921.666666666666,11858.333333333336,0.019954128440366974,1
2020-12-14 15:23:21+00:00,24975.0,25066.66666666667,0.0011422018348623854,0
2020-11-02 08:17:12+00:00,690000.0,702333.3333333335,0.0002169724770642202,0
2020-07-22 12:51:24+00:00,494750.0,507083.33333333326,0.000963302752293578,0
2020-11-12 02:40:50+00:00,23950.0,24200.0,0.0008944954128440367,0
2020-11-23 17:13:50+00:00,23091.66666666667,21233.33333333333,0.0011422018348623854,1
2021-01-28 05:35:29+00:00,3725.0,3704.166666666666,0.002614678899082569,0
2021-01-24 06:36:44+00:00,2189.1666666666665,2533.333333333333,0.0019128440366972478,1
2020-07-28 12:22:58+00:00,8370.0,8060.0,0.0008577981651376146,0
2020-08-12 07:24:20+00:00,4011.666666666666,3952.5,0.0016788990825688072,0
2021-01-26 13:23:01+00:00,24341.66666666667,25166.66666666667,0.0001926605504587156,0
2020-08-10 13:21:41+00:00,11937.5,12604.166666666664,0.0008577981651376146,1
2020-07-26 13:29:25+00:00,2518.333333333333,2710.0,0.00014541284403669726,1
2020-09-01 07:35:26+00:00,12226.5,12685.166666666664,0.008440366972477064,0
2020-04-28 07:25:36+00:00,12800.0,12716.666666666664,0.0045871559633027525,0
2019-12-22 14:27:51+00:00,17266.666666666668,17041.666666666668,0.004238532110091743,0
2020-11-26 05:25:52+00:00,29566.66666666667,29325.0,0.0023440366972477065,0
2018-08-30 06:10:36+00:00,91048.83333333331,93150.0,0.016467889908256882,0
2020-09-06 10:40:39+00:00,4207.5,3824.166666666666,0.0016422018348623854,1
2020-12-07 14:47:26+00:00,14291.666666666664,17683.333333333332,0.08256880733944955,1
2020-05-18 09:34:28+00:00,14383.333333333336,15058.333333333336,0.0005,1
2020-12-29 23:35:25+00:00,6273.333333333332,7145.0,0.0005,1
2020-04-02 09:10:42+00:00,1117.5,1146.6666666666667,0.005137614678899082,0
2019-10-30 00:39:59+00:00,4784.166666666667,4596.666666666667,0.0005,0
2020-11-26 05:25:52+00:00,9096.666666666666,9065.0,0.0023440366972477065,0
2020-04-01 11:12:44+00:00,10191.666666666666,12441.666666666664,2.2477064220183487e-05,1
2021-01-19 03:49:27+00:00,4162.5,4727.5,0.002068807339449541,1
2020-08-04 10:01:13+00:00,8240.0,8493.333333333334,0.00014541284403669726,0
2020-09-23 04:15:38+00:00,3230.0,3170.833333333333,0.0008944954128440367,0
2020-12-28 10:57:08+00:00,12125.0,11891.666666666664,8.165137614678899e-05,0
2020-09-14 09:15:01+00:00,9670.0,10216.666666666666,0.0031009174311926605,1
2020-11-12 03:04:53+00:00,1744.166666666667,1851.666666666667,0.0008944954128440367,1
2020-03-23 14:37:38+00:00,62233.33333333334,65800.0,0.004238532110091743,1
2020-07-15 21:51:14+00:00,3868.333333333334,3973.333333333334,0.000963302752293578,0
2019-05-12 01:50:29+00:00,89450.0,89716.66666666669,0.017385321100917433,0
2020-07-27 13:25:51+00:00,49091.66666666666,47008.33333333334,0.00014541284403669726,1
2019-02-19 12:33:41+00:00,1796.0,2549.5,0.004238532110091743,1
2020-12-08 07:30:24+00:00,23633.33333333333,26458.33333333333,0.0026513761467889907,1
2019-11-12 13:59:47+00:00,5540.0,6080.0,0.001353211009174312,1
2020-07-22 12:51:24+00:00,3700.0,3654.166666666666,0.000963302752293578,0
2019-06-18 14:27:21+00:00,2490.833333333333,2740.0,0.004238532110091743,1
2021-01-25 19:04:14+00:00,16125.0,16225.0,0.00041926605504587157,0
2020-09-02 08:30:04+00:00,179283.33333333337,183183.33333333328,0.02298165137614679,0
2019-03-25 14:04:47+00:00,32644.33333333333,37729.66666666666,0.004238532110091743,1
2019-12-17 08:34:13+00:00,1805.833333333333,2128.333333333333,1.5137614678899083e-05,1
2020-12-20 18:41:10+00:00,421000.0,405333.33333333326,0.01665137614678899,0
2019-06-18 14:27:21+00:00,8331.666666666666,8601.666666666666,0.004238532110091743,0
2020-12-23 07:29:42+00:00,8626.666666666666,8758.333333333334,0.008211009174311926,0
2020-09-22 04:37:12+00:00,65083.33333333334,62900.0,0.0016422018348623854,0
2019-04-24 08:35:23+00:00,20208.33333333333,21266.666666666668,0.02298165137614679,1
2021-01-27 12:02:47+00:00,942333.3333333336,912500.0,0.01963302752293578,0
2020-06-08 11:26:08+00:00,10183.333333333334,11900.0,0.002977064220183486,1
2021-01-07 10:00:11+00:00,54814.5,55024.66666666666,0.03986238532110092,0
2020-12-01 23:22:21+00:00,9620.0,10758.333333333334,0.0004298165137614679,1
2020-06-03 07:35:22+00:00,7081.666666666668,7011.666666666668,0.0008944954128440367,0
2020-09-14 05:36:40+00:00,10408.333333333334,10425.0,0.0007522935779816514,0
2020-07-26 11:15:01+00:00,7691.666666666668,10016.666666666666,0.00181651376146789,1
2020-11-26 06:23:58+00:00,28983.33333333333,28783.33333333333,0.012201834862385321,0
2021-02-03 10:09:50+00:00,236416.66666666663,233166.66666666663,0.01298165137614679,0
2019-10-16 12:39:51+00:00,23875.0,25450.0,0.0006238532110091743,1
2020-09-14 09:15:01+00:00,8253.333333333334,8228.333333333334,0.0031009174311926605,0
2020-10-18 09:28:12+00:00,10766.666666666666,10791.666666666666,0.0010137614678899082,0
2021-01-26 08:06:25+00:00,26766.66666666667,35491.666666666664,0.00025137614678899083,1
2020-10-21 07:21:08+00:00,24284.16666666667,24383.16666666667,0.0004298165137614679,0
2020-10-12 23:13:47+00:00,4246.666666666667,4343.333333333333,0.001091743119266055,0
2020-10-15 01:23:17+00:00,4331.666666666667,4255.0,0.01298165137614679,0
2020-07-15 06:30:02+00:00,1725.0,1748.333333333333,0.0032293577981651377,0
2020-07-07 08:26:18+00:00,1564.166666666667,1569.166666666667,0.00025137614678899083,0
2021-01-25 09:50:14+00:00,1492.5,1291.6666666666667,0.008761467889908257,1
2020-06-07 01:34:05+00:00,4590.833333333333,4179.166666666667,0.008211009174311926,1
2020-09-07 01:04:59+00:00,27766.66666666667,27733.33333333333,0.0008944954128440367,0
2021-01-19 03:49:27+00:00,4162.5,4727.5,0.002068807339449541,1
2019-02-20 13:55:25+00:00,48366.66666666666,51916.66666666666,0.004238532110091743,1
2020-10-19 01:38:14+00:00,16925.0,16304.166666666664,0.0005,0
2020-08-04 10:01:13+00:00,8296.666666666666,8651.666666666666,0.00014541284403669726,1
2020-11-02 22:00:06+00:00,8573.333333333334,8635.0,7.98165137614679e-05,0
2020-12-14 09:07:47+00:00,149083.33333333337,131833.33333333337,0.0013623853211009174,1
2021-01-20 14:33:03+00:00,21216.666666666668,20841.666666666668,0.002298165137614679,0
2021-01-25 13:33:16+00:00,22200.0,21558.33333333333,0.002298165137614679,0
2021-02-02 15:11:56+00:00,78600.0,79216.66666666669,0.0009724770642201834,0
2020-01-29 05:29:50+00:00,84533.33333333331,85650.0,0.010275229357798165,0
2020-12-23 01:06:12+00:00,356305.33333333326,344357.66666666674,0.0007247706422018349,0
2020-04-06 06:57:42+00:00,7225.0,8501.666666666666,0.0005,1
2020-10-06 13:39:29+00:00,6256.666666666668,6546.666666666668,0.00014541284403669726,1
2020-09-15 06:18:06+00:00,4604.166666666667,4523.333333333333,1.7889908256880734e-05,0
2021-01-19 03:49:27+00:00,1692.5,1548.333333333333,0.002068807339449541,1
2021-01-27 13:10:18+00:00,4884.166666666667,4268.333333333333,0.00011697247706422018,1
2020-08-13 03:06:58+00:00,6458.333333333332,6596.666666666668,0.07477064220183487,0
2019-02-27 13:30:49+00:00,43941.66666666666,50933.33333333334,0.004238532110091743,1
2021-01-28 05:35:29+00:00,5388.333333333333,5375.0,0.002614678899082569,0
2020-09-16 05:28:11+00:00,9303.333333333334,9230.0,0.006972477064220183,0
2020-12-15 13:40:49+00:00,15700.0,15975.0,0.0010642201834862386,0
2021-02-01 09:22:14+00:00,6310.0,8353.333333333334,0.002114678899082569,1
2020-12-07 14:47:26+00:00,78000.0,86266.66666666669,0.08256880733944955,1
2020-10-19 08:47:44+00:00,2407.5,2808.333333333333,0.0034678899082568808,1
2020-12-07 16:42:28+00:00,15775.0,20091.666666666668,0.0005045871559633027,1
2020-07-27 13:25:51+00:00,5861.666666666668,5196.666666666667,0.00014541284403669726,1
2021-01-27 09:51:23+00:00,12558.333333333336,12125.0,0.013165137614678898,0
2021-01-25 06:55:41+00:00,7848.333333333332,7310.0,0.013165137614678898,1
2019-12-22 12:39:20+00:00,3330.833333333333,3202.5,0.0012477064220183486,0
2021-01-25 13:33:16+00:00,17666.666666666668,17433.333333333332,0.002298165137614679,0
2020-07-22 12:51:24+00:00,4960.833333333333,5025.0,0.000963302752293578,0
2020-11-29 16:27:19+00:00,22716.0,22781.0,0.0007522935779816514,0
2019-04-14 12:00:05+00:00,11625.0,11508.333333333336,0.010275229357798165,0
2020-07-22 12:51:24+00:00,2020.0,2010.0,0.000963302752293578,0
2020-07-27 13:25:51+00:00,10016.666666666666,8370.0,0.00014541284403669726,1
2020-11-24 14:36:56+00:00,8088.333333333332,10508.333333333334,0.002660550458715596,1
2021-01-25 06:55:41+00:00,342833.33333333326,350750.0,0.013165137614678898,0
2019-12-04 06:12:04+00:00,1498.333333333333,1500.0,0.001389908256880734,0
2020-09-16 06:00:01+00:00,13166.666666666664,13216.666666666664,0.0481651376146789,0
2020-07-02 10:16:00+00:00,3325.0,3401.666666666666,0.00042247706422018347,0
2020-11-18 13:45:28+00:00,7383.333333333332,7903.333333333332,0.002298165137614679,1
2020-07-22 12:51:24+00:00,3700.0,3654.166666666666,0.000963302752293578,0
2020-07-26 13:29:25+00:00,4508.333333333333,5861.666666666668,0.00014541284403669726,1
2020-05-14 10:24:25+00:00,38491.66666666666,37075.0,0.0002169724770642202,0
2020-09-13 21:00:03+00:00,3778.333333333334,3842.5,0.0009311926605504587,0
2018-08-30 06:10:36+00:00,4273.333333333333,4231.666666666667,0.016467889908256882,0
2019-11-20 00:43:09+00:00,3170.0,3194.166666666666,0.0005045871559633027,0
2019-01-23 12:37:56+00:00,3897.5,3678.333333333334,0.019908256880733943,1
2020-08-10 13:21:41+00:00,9446.666666666666,9416.666666666666,0.0008577981651376146,0
2020-09-09 02:26:57+00:00,787.0,784.8333333333335,0.0008944954128440367,0
2021-01-20 14:33:03+00:00,48000.0,47191.66666666666,0.002298165137614679,0
2020-07-07 08:26:18+00:00,488.83333333333326,466.0,0.00025137614678899083,1
2021-02-02 08:18:09+00:00,360500.0,351416.66666666674,0.0022522935779816515,0
2020-08-24 11:02:07+00:00,20975.0,22658.33333333333,0.0012522935779816513,1
2020-07-22 12:51:24+00:00,3552.5,3552.5,0.000963302752293578,0
2020-07-26 13:29:25+00:00,7691.666666666668,10016.666666666666,0.00014541284403669726,1
2020-07-20 11:01:55+00:00,4906.666666666667,5000.0,0.0018394495412844037,0
2020-11-26 05:25:52+00:00,9096.666666666666,9065.0,0.0023440366972477065,0
2020-09-07 23:46:27+00:00,216883.33333333328,208916.66666666663,0.002573394495412844,0
2020-11-17 23:28:23+00:00,79850.0,86900.0,0.07477064220183487,1
2018-08-07 08:28:59+00:00,576.6666666666666,582.6666666666666,0.12293577981651377,0
2019-12-26 02:26:38+00:00,88654.83333333331,94785.5,0.008073394495412844,1
2020-07-22 01:59:42+00:00,241166.66666666663,231750.0,0.006972477064220183,0
2020-04-02 07:59:11+00:00,704.5,914.6666666666664,0.001091743119266055,1
2020-11-18 13:37:04+00:00,1412.5,1707.5,0.0010642201834862386,1
2020-12-01 07:46:07+00:00,27441.66666666667,26350.0,0.010321100917431193,0
2020-06-04 12:35:33+00:00,4305.833333333333,4590.833333333333,0.008211009174311926,1
2020-12-16 04:59:42+00:00,37433.333333333336,33908.333333333336,0.028165137614678898,1
2019-06-24 07:14:45+00:00,5770.0,6755.0,0.001091743119266055,1
2019-11-03 12:12:45+00:00,8168.333333333332,7626.666666666668,0.00011009174311926606,1
2021-01-06 12:02:43+00:00,4247.5,4345.833333333333,8.302752293577982e-05,0
2021-01-20 10:10:48+00:00,68250.0,74616.66666666669,0.017889908256880735,1
2020-10-19 01:38:14+00:00,2138.333333333333,2009.166666666667,0.0005,1
2020-07-05 14:15:50+00:00,31816.66666666667,32725.0,0.0026192660550458714,0
2020-04-28 09:38:38+00:00,6985.0,7311.666666666668,0.000963302752293578,1
2020-07-12 14:48:49+00:00,13158.333333333336,13441.666666666664,0.0019495412844036698,0
2019-04-02 15:22:46+00:00,2987.5,3793.333333333334,0.004238532110091743,1
2020-05-19 05:01:44+00:00,11775.0,12000.0,0.00181651376146789,0
2021-01-13 03:56:23+00:00,3773.333333333334,3901.666666666666,1.3761467889908256e-06,0
2021-02-04 07:52:34+00:00,8633.333333333334,14400.0,0.00025137614678899083,1
2020-07-06 04:49:58+00:00,1977.5,2000.833333333333,0.009128440366972477,0
2020-10-19 01:38:14+00:00,48016.66666666666,47516.66666666666,0.0005,0
2020-01-09 09:54:05+00:00,9031.666666666666,11058.333333333336,0.004137614678899082,1
2021-01-28 05:35:29+00:00,5885.0,5910.0,0.002614678899082569,0
2019-05-22 01:25:06+00:00,5293.333333333333,5603.333333333332,0.0033899082568807338,1
2020-06-11 07:52:37+00:00,15508.333333333336,14591.666666666664,0.005321100917431192,1
2021-01-19 03:49:27+00:00,4162.5,4727.5,0.002068807339449541,1
2020-11-02 08:06:37+00:00,1656.666666666667,1710.833333333333,0.0481651376146789,0
2021-01-28 10:18:30+00:00,17641.666666666668,18450.0,0.00019403669724770643,1
2020-12-29 22:54:59+00:00,4133.333333333333,4789.166666666667,0.0008623853211009175,1
2020-09-08 03:04:58+00:00,7395.0,7546.666666666668,0.07477064220183487,0
2020-08-24 11:02:07+00:00,21866.666666666668,25083.33333333333,0.0012522935779816513,1
2020-07-23 06:53:23+00:00,2572.5,2518.333333333333,0.00014541284403669726,0
2021-01-25 13:33:16+00:00,22200.0,21558.33333333333,0.002298165137614679,0
2020-11-12 03:04:53+00:00,4930.833333333333,4877.5,0.0008944954128440367,0
2021-01-17 00:48:41+00:00,18083.33333333333,18975.0,0.0006559633027522936,1
2021-01-07 16:02:09+00:00,40641.66666666666,39975.0,0.1389908256880734,0
2020-09-16 01:10:13+00:00,1920.833333333333,1873.333333333333,0.001830275229357798,0
2021-01-28 22:59:24+00:00,17558.333333333332,17291.666666666668,0.005871559633027523,0
2021-01-13 23:02:31+00:00,7881.666666666668,8693.333333333334,0.001091743119266055,1
2021-01-17 11:03:44+00:00,171583.33333333337,170083.33333333337,0.001,0
2020-10-19 01:38:14+00:00,8076.666666666668,7256.666666666668,0.0005,1
2020-07-26 13:29:25+00:00,2518.333333333333,2710.0,0.00014541284403669726,1
2020-05-26 15:21:28+00:00,10775.0,11475.0,0.004238532110091743,1
2019-12-12 09:31:13+00:00,2559.1666666666665,2476.6666666666665,0.0005,0
2020-06-29 13:15:00+00:00,109583.33333333331,115500.0,0.0032293577981651377,1
2019-07-23 13:31:29+00:00,15700.0,14975.0,0.0012477064220183486,1
2020-11-15 15:45:21+00:00,5690.0,5631.666666666668,0.0021559633027522936,0
2019-10-28 07:47:53+00:00,34616.666666666664,33583.333333333336,0.017385321100917433,0
2021-02-01 07:37:02+00:00,2999.166666666666,2447.5,0.002614678899082569,1
2020-06-29 13:15:00+00:00,7515.0,7560.0,0.0032293577981651377,0
2019-11-28 08:52:46+00:00,20800.0,25483.33333333333,0.0027201834862385322,1
2020-06-18 07:00:09+00:00,982.0,999.6666666666664,0.006743119266055046,0
2020-10-25 10:00:10+00:00,4645.833333333333,4144.166666666667,0.00181651376146789,1
2019-06-24 07:14:45+00:00,1420.333333333333,1553.666666666667,0.001091743119266055,1
2019-04-23 12:25:10+00:00,2320.833333333333,2322.5,0.0005871559633027522,0
2021-01-28 22:30:48+00:00,13783.333333333336,13583.333333333336,0.0007522935779816514,0
2020-10-21 04:55:16+00:00,5050.0,5128.333333333333,0.0005,0
2020-11-23 17:13:50+00:00,214500.0,201400.0,0.0011422018348623854,1
2020-06-18 07:00:09+00:00,4999.166666666667,5303.333333333333,0.006743119266055046,1
2019-11-14 06:41:30+00:00,17583.333333333332,17741.666666666668,0.005917431192660551,0
2019-07-18 14:28:21+00:00,16500.0,17833.333333333332,0.004238532110091743,1
2020-07-26 13:29:25+00:00,46650.0,49091.66666666666,0.00014541284403669726,1
2020-11-17 23:28:23+00:00,127083.33333333331,141666.66666666663,0.07477064220183487,1
2018-12-03 10:27:53+00:00,1270.8333333333333,1549.166666666667,0.006788990825688073,1
2021-01-06 22:09:48+00:00,86383.33333333331,86633.33333333331,0.005412844036697248,0
2020-12-15 09:21:50+00:00,2240.833333333333,2257.5,0.008761467889908257,0
2021-01-06 22:09:48+00:00,1441.666666666667,1484.166666666667,0.005412844036697248,0
2021-01-20 16:32:35+00:00,3325.833333333333,3920.833333333334,9.311926605504587e-05,1
2020-10-25 10:00:10+00:00,30883.33333333333,32116.66666666667,0.00181651376146789,0
2020-07-07 09:22:37+00:00,15175.0,16066.666666666664,0.017385321100917433,1
2020-03-24 07:27:21+00:00,50401.16666666666,63802.16666666666,0.00011055045871559633,1
2021-02-02 08:39:04+00:00,84250.0,84600.0,0.04362385321100917,0
2020-10-15 06:15:00+00:00,1825.0,1936.666666666667,0.0032247706422018347,1
2019-12-22 14:27:51+00:00,2872.5,2841.666666666666,0.004238532110091743,0
2019-12-29 11:02:45+00:00,2451.6666666666665,2595.833333333333,0.001555045871559633,1
2020-12-01 08:08:24+00:00,2966.666666666666,3102.5,0.0005,1
2020-11-29 04:00:03+00:00,26500.0,27683.33333333333,0.004954128440366972,1
2020-10-12 01:37:56+00:00,8820.0,8210.0,0.00363302752293578,1
2020-12-01 08:08:24+00:00,18083.33333333333,18100.0,0.0005,0
2020-10-07 11:00:22+00:00,11341.666666666664,13175.0,0.01665137614678899,1
2021-01-06 12:02:43+00:00,8078.333333333332,8530.0,8.302752293577982e-05,1
2020-11-02 08:17:12+00:00,142916.66666666663,147416.66666666663,0.0002169724770642202,0
2021-01-18 07:19:25+00:00,4953.333333333333,4491.666666666667,0.03555045871559633,1
2021-01-25 13:33:16+00:00,44058.33333333334,43866.66666666666,0.002298165137614679,0
2020-09-09 02:26:57+00:00,4601.666666666667,4622.5,0.0008944954128440367,0
2021-01-19 09:34:32+00:00,7961.666666666668,10475.0,0.013165137614678898,1
2020-12-16 15:59:21+00:00,1438.333333333333,1524.166666666667,0.0011743119266055045,1
2019-04-23 12:25:10+00:00,9866.666666666666,9726.666666666666,0.0005871559633027522,0
2020-11-10 01:27:25+00:00,24916.66666666667,22466.66666666667,0.003403669724770642,1
2020-06-02 10:31:50+00:00,6600.0,6658.333333333332,0.005412844036697248,0
2020-11-26 05:25:52+00:00,29566.66666666667,29325.0,0.0023440366972477065,0
2020-04-21 07:00:14+00:00,11191.666666666664,10725.0,0.006743119266055046,1
2019-12-17 14:32:10+00:00,1475.0,1694.166666666667,0.004238532110091743,1
2020-12-15 08:00:05+00:00,71150.0,70366.66666666669,0.0481651376146789,0
2020-07-22 12:51:24+00:00,41891.66666666666,44016.66666666666,0.000963302752293578,1
2020-04-22 08:45:54+00:00,7203.333333333332,8466.666666666666,0.001091743119266055,1
2020-06-25 06:03:17+00:00,31683.33333333333,29925.0,0.0008944954128440367,1
2020-12-15 10:54:22+00:00,6443.333333333332,6228.333333333332,0.0013623853211009174,0
2020-02-18 11:33:00+00:00,26191.66666666667,25183.33333333333,0.028165137614678898,0
2020-12-08 12:23:56+00:00,166013.66666666663,147168.16666666663,0.008211009174311926,1
2020-12-16 16:23:02+00:00,2423.333333333333,2438.333333333333,0.001091743119266055,0
2020-07-06 04:49:58+00:00,1697.5,1726.666666666667,0.009128440366972477,0
2020-11-12 03:04:53+00:00,1330.0,1337.5,0.0008944954128440367,0
2020-07-07 09:22:37+00:00,4767.5,5166.666666666667,0.017385321100917433,1
2021-02-01 01:13:43+00:00,7448.333333333332,7701.666666666668,0.0013119266055045872,0
2019-05-22 01:25:06+00:00,10816.666666666666,10983.333333333334,0.0033899082568807338,0
2020-11-09 08:23:27+00:00,3506.666666666666,3525.833333333333,0.0005,0
2020-07-15 06:30:01+00:00,1725.0,1748.333333333333,0.0032293577981651377,0
2020-07-20 11:01:55+00:00,6041.666666666668,5951.666666666668,0.0018394495412844037,0
2020-06-14 15:12:13+00:00,9205.0,9311.666666666666,0.001389908256880734,0
2019-04-02 15:22:46+00:00,8718.333333333334,8988.333333333334,0.004238532110091743,0
2020-05-19 05:01:44+00:00,3562.5,3549.166666666666,0.00181651376146789,0
2020-05-19 05:01:44+00:00,7216.666666666668,7240.0,0.00181651376146789,0
2021-01-28 05:35:29+00:00,34775.0,34791.666666666664,0.002614678899082569,0
2020-07-09 11:19:37+00:00,33333.333333333336,33350.0,0.019954128440366974,0
2021-01-28 05:35:29+00:00,49550.0,49558.33333333334,0.002614678899082569,0
2019-12-17 14:32:10+00:00,1760.0,1682.5,0.004238532110091743,1
2021-01-18 06:00:14+00:00,435250.0,429750.0,0.0481651376146789,0
2020-12-01 23:22:21+00:00,16533.333333333332,16858.333333333332,0.0004298165137614679,0
2020-12-15 08:10:31+00:00,6983.333333333332,7185.0,0.00025137614678899083,0
2019-09-18 06:19:51+00:00,1206.6666666666667,1325.8333333333333,0.0008807339449541285,1
2020-07-07 09:22:37+00:00,4337.5,4365.833333333333,0.017385321100917433,0
2020-11-23 17:13:50+00:00,23100.0,22241.66666666667,0.0011422018348623854,0
2020-05-06 15:05:48+00:00,3596.666666666666,4398.333333333333,0.0011330275229357797,1
2018-12-03 10:27:53+00:00,4066.666666666666,4026.666666666666,0.006788990825688073,0
2020-07-06 12:05:42+00:00,13600.0,13766.666666666664,0.0005275229357798165,0
2020-06-23 08:04:18+00:00,1213.3333333333333,1149.1666666666667,0.00025137614678899083,1
2021-01-28 05:35:29+00:00,3404.166666666666,3405.833333333333,0.002614678899082569,0
2020-10-07 08:09:14+00:00,4354.166666666667,4517.5,0.0016788990825688072,0
2020-02-13 14:25:54+00:00,1535.833333333333,1868.333333333333,0.002298165137614679,1
2019-12-17 14:32:10+00:00,717.3333333333335,994.6666666666664,0.004238532110091743,1
2020-08-05 01:17:32+00:00,8320.0,8235.0,0.00014541284403669726,0
2020-12-14 08:45:16+00:00,73650.0,73716.66666666669,0.007431192660550459,0
2020-07-06 12:05:42+00:00,8818.333333333334,8901.666666666666,0.0005275229357798165,0
2020-07-02 09:30:03+00:00,124000.0,124833.33333333331,0.001353211009174312,0
2020-04-01 11:12:44+00:00,8711.666666666666,8281.666666666666,2.2477064220183487e-05,1
2021-01-13 12:09:44+00:00,8091.666666666668,8131.666666666668,8.302752293577982e-05,0
2020-12-13 00:00:09+00:00,2432.5,2492.5,0.00010504587155963303,0
2020-07-09 11:19:37+00:00,9133.333333333334,9591.666666666666,0.019954128440366974,1
2020-12-14 06:29:49+00:00,5466.666666666667,5335.0,0.0005,0
2020-10-21 09:02:06+00:00,6815.0,7425.0,0.00025137614678899083,1
2020-04-02 07:45:48+00:00,5401.666666666667,7825.0,0.0007706422018348624,1
2020-07-15 21:51:14+00:00,3599.166666666666,3607.5,0.000963302752293578,0
2019-11-28 08:52:46+00:00,1439.166666666667,1644.166666666667,0.0027201834862385322,1
2021-01-28 10:18:30+00:00,1655.833333333333,1738.333333333333,0.00019403669724770643,1
2020-12-13 14:47:22+00:00,9285.0,9383.333333333334,0.006559633027522936,0
2021-01-26 13:23:01+00:00,48033.33333333334,49441.66666666666,0.0001926605504587156,0
2020-12-14 03:33:53+00:00,361788.16666666674,346403.5,0.0007247706422018349,1
2020-07-15 21:51:14+00:00,1213.3333333333333,1237.5,0.000963302752293578,0
2020-12-17 04:06:05+00:00,149166.66666666663,201750.0,0.0008944954128440367,1
2020-11-05 01:30:28+00:00,1651.666666666667,1612.5,0.01298165137614679,0
2020-07-20 09:21:08+00:00,1901.666666666667,2392.5,0.010504587155963302,1
2020-02-18 14:45:01+00:00,1068.3333333333333,953.3333333333336,0.014678899082568808,1
2020-12-14 06:29:49+00:00,11883.333333333336,11350.0,0.0005,1
2020-04-28 09:38:38+00:00,4723.333333333333,4891.666666666667,0.000963302752293578,0
2020-12-16 09:17:55+00:00,3755.833333333334,4256.666666666667,0.0013623853211009174,1
2020-08-09 06:00:06+00:00,16041.666666666664,17841.666666666668,0.0009311926605504587,1
2019-06-12 12:02:28+00:00,1002.0,1378.333333333333,0.010321100917431193,1
2021-01-25 09:06:15+00:00,15766.666666666664,16008.333333333336,0.0001555045871559633,0
2020-08-06 09:24:24+00:00,4024.166666666666,3823.333333333334,0.023211009174311927,1
2020-06-21 14:18:28+00:00,9303.333333333334,8968.333333333334,0.0001463302752293578,0
2021-01-25 09:50:14+00:00,1492.5,1291.6666666666667,0.008761467889908257,1
2019-11-14 06:41:30+00:00,4647.5,5082.5,0.005917431192660551,1
2019-12-22 14:27:51+00:00,30108.33333333333,29975.0,0.004238532110091743,0
2021-01-26 09:49:20+00:00,6118.333333333332,6475.0,0.001628440366972477,1
2020-07-06 09:31:33+00:00,132443.0,138336.5,0.0005275229357798165,1
2020-07-29 10:29:45+00:00,2070.833333333333,2002.5,0.0002169724770642202,0
2020-09-07 01:04:59+00:00,27766.66666666667,27733.33333333333,0.0008944954128440367,0
2020-08-26 13:28:39+00:00,34033.333333333336,40658.333333333336,0.000926605504587156,1
2019-04-15 08:55:29+00:00,812.0,829.3333333333335,0.0001591743119266055,0
2020-10-19 01:38:14+00:00,3533.333333333333,3207.5,0.0005,1
2020-05-18 09:34:28+00:00,1387.333333333333,1471.833333333333,0.0005,1
2021-01-17 22:21:09+00:00,1209.1666666666667,1280.0,0.0007522935779816514,1
2020-07-26 13:29:25+00:00,4508.333333333333,5861.666666666668,0.00014541284403669726,1
2020-05-26 06:53:58+00:00,11141.666666666664,14658.333333333336,0.007568807339449542,1
2020-08-13 09:15:42+00:00,5603.333333333332,5226.666666666667,0.023211009174311927,1
2020-08-11 08:55:40+00:00,10683.333333333334,11766.666666666664,0.0005,1
2020-07-20 11:01:55+00:00,8985.0,11516.666666666664,0.0018394495412844037,1
2020-08-13 10:42:07+00:00,34708.333333333336,34200.0,0.006697247706422018,0
2020-10-25 03:43:11+00:00,3137.5,3892.5,0.017889908256880735,1
2020-04-02 07:45:48+00:00,6423.333333333332,6421.666666666668,0.0007706422018348624,0
2020-03-23 07:39:20+00:00,6395.0,7738.333333333332,0.001091743119266055,1
2020-10-25 00:00:02+00:00,647666.6666666665,648500.0,0.2426605504587156,0
2019-10-22 09:10:56+00:00,1136.6666666666667,1129.1666666666667,0.0005,0
2020-11-19 07:31:39+00:00,10450.0,12641.666666666664,0.0016788990825688072,1
2020-10-05 11:18:58+00:00,7553.333333333332,8566.666666666666,0.001091743119266055,1
2020-07-22 12:51:24+00:00,3700.0,3654.166666666666,0.000963302752293578,0
2021-01-25 13:21:01+00:00,16758.333333333332,19808.33333333333,0.0010642201834862386,1
2020-06-29 09:38:21+00:00,2588.333333333333,2900.833333333333,0.0005,1
2020-12-13 09:24:59+00:00,6130.0,8386.666666666666,0.0008623853211009175,1
2020-12-23 23:12:13+00:00,7133.333333333332,7010.0,0.0004298165137614679,0
2019-07-23 13:31:29+00:00,117750.0,117833.33333333331,0.0012477064220183486,0
2020-07-27 06:00:02+00:00,16150.0,15950.0,0.0481651376146789,0
2019-12-17 14:32:10+00:00,5000.0,5066.666666666667,0.004238532110091743,0
2020-06-18 07:00:09+00:00,1397.5,1430.0,0.006743119266055046,0
2020-05-20 07:00:19+00:00,4878.333333333333,4923.333333333333,0.006743119266055046,0
2020-10-26 03:07:20+00:00,6410.0,6043.333333333332,0.0008944954128440367,1
2019-12-22 12:39:20+00:00,1485.833333333333,1921.666666666667,0.0012477064220183486,1
2020-12-29 23:35:25+00:00,1759.166666666667,2350.0,0.0005,1
2020-12-01 19:21:37+00:00,12466.666666666664,12483.333333333336,0.01665137614678899,0
2019-11-12 09:32:46+00:00,48733.33333333334,51400.0,0.02298165137614679,1
2021-01-26 13:23:01+00:00,193033.33333333328,188716.66666666663,0.0001926605504587156,0
2020-06-11 07:52:37+00:00,98566.66666666669,93050.0,0.005321100917431192,1
2021-01-25 13:33:16+00:00,46116.66666666666,45050.0,0.002298165137614679,0
2020-12-14 15:23:21+00:00,380500.0,369000.0,0.0011422018348623854,0
2019-04-24 08:35:23+00:00,16541.666666666668,16291.666666666664,0.02298165137614679,0
2021-01-12 06:10:29+00:00,89900.0,90083.33333333331,0.009128440366972477,0
2020-07-22 12:51:24+00:00,4960.833333333333,5025.0,0.000963302752293578,0
2020-12-01 23:22:21+00:00,2966.666666666666,3102.5,0.0004298165137614679,1
2020-05-07 10:11:01+00:00,17608.333333333332,17866.666666666668,0.0002169724770642202,0
2019-10-17 08:57:13+00:00,5300.0,6963.333333333332,0.019954128440366974,1
2020-08-24 11:13:32+00:00,41050.0,41675.0,0.0005,0
2020-08-05 22:04:44+00:00,26566.66666666667,26800.0,0.000963302752293578,0
2020-09-23 04:15:38+00:00,5058.333333333333,5012.5,0.0008944954128440367,0
2020-05-27 08:52:07+00:00,32600.0,31666.66666666667,0.0005,0
2020-07-26 17:45:06+00:00,229500.0,324833.33333333326,0.0007889908256880734,1
2021-01-19 10:24:18+00:00,9080.0,10043.333333333334,0.004137614678899082,1
2020-12-29 04:45:49+00:00,2796.666666666666,3100.833333333333,0.0005,1
2020-02-16 13:30:02+00:00,10483.333333333334,9923.333333333334,0.014678899082568808,1
2020-07-28 12:22:58+00:00,8370.0,8060.0,0.0008577981651376146,0
2020-07-26 13:29:25+00:00,15016.666666666664,16150.0,0.00014541284403669726,1
2020-12-07 14:47:26+00:00,155520.5,166013.66666666663,0.08256880733944955,1
2019-11-07 17:06:46+00:00,12550.0,12525.0,0.004220183486238532,0
2020-02-27 10:56:52+00:00,999.5,949.3333333333336,0.0005,1
2019-12-22 14:27:51+00:00,17266.666666666668,17041.666666666668,0.004238532110091743,0
2019-11-28 08:52:46+00:00,9506.666666666666,9648.333333333334,0.0027201834862385322,0
2020-07-21 00:58:13+00:00,379916.66666666674,369833.33333333326,0.016146788990825688,0
2020-07-20 11:32:19+00:00,6796.666666666668,8091.666666666668,0.028165137614678898,1
2020-01-09 16:30:51+00:00,1124.1666666666667,1155.0,0.001389908256880734,0
2020-10-19 01:38:14+00:00,4568.333333333333,4136.666666666667,0.0005,1
2020-10-15 07:27:18+00:00,3615.833333333334,3666.666666666666,0.0004298165137614679,0
2020-07-09 08:10:46+00:00,3495.833333333333,3544.166666666666,0.00025137614678899083,0
2019-10-15 02:02:33+00:00,23250.0,23875.0,0.0005,0
2020-10-22 05:05:09+00:00,2415.833333333333,2327.5,0.0007522935779816514,0
2020-09-09 12:37:46+00:00,2586.6666666666665,2804.166666666666,0.006697247706422018,1
2020-12-07 21:00:12+00:00,78000.0,86266.66666666669,0.017889908256880735,1
2019-12-12 09:31:13+00:00,2444.1666666666665,2485.0,0.0005,0
2020-11-25 08:14:31+00:00,71883.33333333331,71350.0,0.0014908256880733946,0
2020-12-09 12:13:43+00:00,121150.0,120450.0,0.008211009174311926,0
2020-10-18 22:35:35+00:00,3347.5,3533.333333333333,0.0004298165137614679,1
2020-12-23 09:42:02+00:00,17983.333333333332,16883.333333333332,0.000944954128440367,1
2019-05-23 03:14:24+00:00,7038.333333333332,6671.666666666668,0.010275229357798165,1
2020-07-26 13:29:25+00:00,15016.666666666664,16150.0,0.00014541284403669726,1
2020-08-24 11:13:32+00:00,58683.33333333334,57500.0,0.0005,0
2021-02-04 03:11:50+00:00,84733.33333333331,85166.66666666669,0.0012155963302752293,0
2020-08-10 13:21:41+00:00,5248.333333333333,5388.333333333333,0.0008577981651376146,0
2021-01-28 05:35:29+00:00,3404.166666666666,3405.833333333333,0.002614678899082569,0
2020-11-17 23:28:23+00:00,36875.0,37366.66666666666,0.07477064220183487,0
2019-12-12 10:32:39+00:00,1405.833333333333,1465.833333333333,0.002591743119266055,1
2020-03-12 04:39:04+00:00,11275.0,9783.333333333334,0.0003238532110091743,1
2020-07-26 13:29:25+00:00,4045.0,4651.666666666667,0.00014541284403669726,1
2020-08-04 10:32:02+00:00,57466.66666666666,57083.33333333334,0.014174311926605504,0
2020-12-08 06:46:33+00:00,32041.66666666667,31400.0,0.0005,0
2020-06-29 11:20:21+00:00,1224.1666666666667,1254.1666666666667,0.001091743119266055,0
2020-07-26 17:45:06+00:00,42466.66666666666,53483.33333333334,0.0007889908256880734,1
2020-09-23 11:17:42+00:00,1025.8333333333333,1232.5,0.000926605504587156,1
2020-12-29 12:43:05+00:00,9333.333333333334,9460.0,0.0005596330275229358,0
2020-05-27 05:59:33+00:00,8196.666666666666,7490.0,0.0481651376146789,1
2020-08-09 11:47:40+00:00,10158.333333333334,11675.0,0.005321100917431192,1
2019-03-25 14:04:47+00:00,17650.0,17591.666666666668,0.004238532110091743,0
2020-08-09 11:47:40+00:00,1935.0,2240.5,0.005321100917431192,1
2019-12-16 10:52:54+00:00,2514.1666666666665,2544.1666666666665,0.0005,0
2020-10-21 04:55:16+00:00,1700.0,1703.333333333333,0.0005,0
2020-07-06 11:21:23+00:00,759833.3333333335,757666.6666666665,0.0002169724770642202,0
2020-10-21 04:55:16+00:00,5050.0,5128.333333333333,0.0005,0
2019-04-17 01:00:02+00:00,2275.0,2287.5,0.010275229357798165,0
2020-10-05 05:21:53+00:00,3502.5,3630.833333333334,0.00010825688073394495,0
2020-05-14 09:05:13+00:00,81700.0,109000.0,0.001091743119266055,1
2019-12-17 14:32:10+00:00,1475.0,1694.166666666667,0.004238532110091743,1
2021-01-27 04:32:09+00:00,66250.0,65866.66666666669,0.0010321100917431193,0
2020-11-11 05:06:19+00:00,1755.833333333333,1744.166666666667,0.0007522935779816514,0
2021-01-06 03:19:51+00:00,9253.333333333334,9680.0,0.0005,1
2020-07-15 21:51:14+00:00,37783.333333333336,38108.333333333336,0.000963302752293578,0
2020-06-25 06:03:17+00:00,71800.0,78750.0,0.0008944954128440367,1
2020-07-26 13:29:25+00:00,3370.833333333333,3608.333333333334,0.00014541284403669726,1
2019-12-17 14:32:10+00:00,5000.0,5066.666666666667,0.004238532110091743,0
2020-04-16 07:00:15+00:00,16516.666666666668,19833.33333333333,0.006743119266055046,1
2020-10-21 09:02:06+00:00,6815.0,7425.0,0.00025137614678899083,1
2020-02-11 08:14:50+00:00,4540.0,4613.333333333333,0.00025137614678899083,0
2020-04-21 07:29:56+00:00,7036.666666666668,6886.666666666668,0.001536697247706422,0
2020-10-07 11:00:22+00:00,3977.5,4476.666666666667,0.01665137614678899,1
2020-08-27 10:18:32+00:00,40825.0,44916.66666666666,0.0005,1
2020-08-10 13:21:41+00:00,4051.666666666666,4178.333333333333,0.0008577981651376146,0
2020-10-15 02:21:00+00:00,3615.833333333334,3666.666666666666,0.001091743119266055,0
2020-10-21 04:25:47+00:00,41600.0,41533.333333333336,0.0007522935779816514,0
2020-10-25 09:39:17+00:00,3572.5,3624.166666666666,0.0008577981651376146,0
2020-08-10 13:21:41+00:00,2431.6666666666665,2420.833333333333,0.0008577981651376146,0
2020-12-23 08:23:25+00:00,3320.833333333333,2631.6666666666665,0.0005,1
2019-02-19 06:52:44+00:00,1796.0,2549.5,0.005,1
2020-02-10 23:16:11+00:00,4028.333333333334,4540.0,0.0005,1
2020-05-26 15:21:28+00:00,3499.166666666666,3655.833333333334,0.004238532110091743,1
2021-01-07 23:00:00+00:00,54400.0,57283.33333333334,0.005412844036697248,1
2020-02-19 07:50:23+00:00,4380.0,4814.166666666667,0.001091743119266055,1
2019-10-22 12:31:50+00:00,1203.3333333333333,1495.0,0.001353211009174312,1
2020-09-02 08:30:04+00:00,99114.66666666669,98297.33333333331,0.02298165137614679,0
2020-07-09 11:19:37+00:00,20083.33333333333,20533.33333333333,0.019954128440366974,0
2020-09-01 14:18:22+00:00,5600.0,5966.666666666668,0.019954128440366974,1
2021-02-02 13:17:41+00:00,40350.0,40125.0,0.009678899082568807,0
2020-04-02 07:59:11+00:00,7225.0,10246.666666666666,0.001091743119266055,1
2021-01-06 01:19:44+00:00,297166.66666666674,288500.0,0.000463302752293578,0
2020-05-07 00:17:20+00:00,8435.0,8145.0,0.000963302752293578,0
2020-12-07 07:23:31+00:00,11766.666666666664,12066.666666666664,0.0004298165137614679,0
2020-11-25 08:14:31+00:00,1618.333333333333,1895.0,0.0014908256880733946,1
2020-01-29 22:38:15+00:00,84533.33333333331,85650.0,0.0007935779816513761,0
2019-12-12 09:31:13+00:00,2444.1666666666665,2485.0,0.0005,0
2020-08-05 22:04:44+00:00,3893.333333333334,3801.666666666666,0.000963302752293578,0
2021-02-02 14:30:34+00:00,186750.0,185000.0,0.0001926605504587156,0
2020-10-26 03:07:20+00:00,17850.0,17508.333333333332,0.0008944954128440367,0
2020-10-19 01:38:14+00:00,4568.333333333333,4136.666666666667,0.0005,1
2020-07-20 08:46:26+00:00,4906.666666666667,5000.0,0.02298165137614679,0
2021-01-13 12:09:44+00:00,9775.0,9961.666666666666,8.302752293577982e-05,0
2020-12-14 08:45:16+00:00,53833.33333333334,48358.33333333334,0.007431192660550459,1
2020-10-12 02:59:00+00:00,9491.666666666666,8856.666666666666,0.0008944954128440367,1
2021-02-04 14:11:43+00:00,2195.833333333333,2284.1666666666665,0.0005504587155963303,1
2019-10-17 02:06:30+00:00,3473.333333333333,3477.5,0.0005,0
2020-07-09 08:10:46+00:00,8080.0,8021.666666666668,0.00025137614678899083,0
2021-01-28 08:13:36+00:00,2448.333333333333,3424.166666666666,0.00025137614678899083,1
2021-01-25 22:03:29+00:00,1000.3333333333336,1059.1666666666667,0.0007522935779816514,1
2021-01-05 08:38:02+00:00,7778.333333333332,8135.0,0.008440366972477064,1
2020-10-19 01:38:14+00:00,4568.333333333333,4136.666666666667,0.0005,1
2020-12-14 13:41:43+00:00,74816.66666666669,71150.0,0.004206422018348623,1
2020-07-29 10:21:43+00:00,3147.5,4140.833333333333,0.001091743119266055,1
2020-12-20 15:25:06+00:00,11266.666666666664,11683.333333333336,0.0003848623853211009,0
2020-10-13 08:15:00+00:00,3795.833333333334,4120.0,0.0032247706422018347,1
2020-07-26 13:29:25+00:00,3370.833333333333,3608.333333333334,0.00014541284403669726,1
2020-12-17 16:21:01+00:00,16641.666666666668,15958.333333333336,0.0007660550458715597,1
2019-06-18 14:27:21+00:00,2011.0,2107.0,0.004238532110091743,1
2021-02-02 13:53:45+00:00,4266.666666666667,4330.0,0.00011697247706422018,0
2020-12-01 23:22:21+00:00,3854.166666666666,3920.0,0.0004298165137614679,0
2020-12-13 00:00:09+00:00,2432.5,2492.5,0.00010504587155963303,0
2021-01-25 08:28:36+00:00,6765.0,6671.666666666668,0.0005,0
2019-12-29 11:02:45+00:00,2451.6666666666665,2595.833333333333,0.001555045871559633,1
2019-12-12 10:32:39+00:00,23258.33333333333,28325.0,0.002591743119266055,1
2021-01-19 10:24:18+00:00,4006.666666666666,4292.5,0.004137614678899082,1
2020-08-05 09:56:14+00:00,8493.333333333334,9251.666666666666,0.0013623853211009174,1
2019-10-23 07:26:33+00:00,18175.0,17600.0,0.0005,0
2020-08-24 11:13:32+00:00,21066.666666666668,21616.666666666668,0.0005,0
2020-05-20 06:33:41+00:00,4177.5,4329.166666666667,0.0008944954128440367,0
2020-08-06 15:05:45+00:00,8646.666666666666,11091.666666666664,0.002298165137614679,1
2019-12-22 14:27:51+00:00,4985.833333333333,4902.5,0.004238532110091743,0
2020-11-26 05:25:52+00:00,3584.166666666666,3434.166666666666,0.0023440366972477065,1
2020-05-25 03:24:03+00:00,4085.0,4095.0,0.0008944954128440367,0
2020-10-22 21:36:38+00:00,16200.0,18833.33333333333,0.0021926605504587154,1
2020-10-21 12:02:44+00:00,3940.0,4183.333333333333,0.001091743119266055,1
2020-07-30 05:22:07+00:00,1843.333333333333,1869.166666666667,0.00014541284403669726,0
2020-12-23 02:56:53+00:00,17983.333333333332,16883.333333333332,0.0008944954128440367,1
2021-01-18 07:52:44+00:00,38308.333333333336,44450.0,0.00025137614678899083,1
2021-01-19 03:49:27+00:00,4569.166666666667,4620.833333333333,0.002068807339449541,0
2019-12-17 14:32:10+00:00,2597.333333333333,2858.166666666666,0.004238532110091743,1
2019-12-08 06:33:09+00:00,5161.666666666667,5165.0,0.0003545871559633028,0
2020-10-29 06:00:03+00:00,1898.333333333333,1937.5,0.0481651376146789,0
2020-04-02 11:42:54+00:00,13316.666666666664,15158.333333333336,4.724770642201835e-05,1
2020-05-07 12:16:04+00:00,59050.0,59666.66666666666,0.028165137614678898,0
2020-06-03 07:35:22+00:00,2416.6666666666665,2380.833333333333,0.0008944954128440367,0
2020-10-19 06:25:41+00:00,5871.666666666668,5936.666666666668,0.028165137614678898,0
2019-10-22 12:31:50+00:00,13858.333333333336,18175.0,0.001353211009174312,1
2020-08-27 06:15:01+00:00,8746.666666666666,8455.0,0.0031009174311926605,0
2020-07-07 09:22:37+00:00,15175.0,16066.666666666664,0.017385321100917433,1
2020-11-04 04:03:47+00:00,6098.333333333332,6040.0,0.0008944954128440367,0
2020-04-01 11:12:44+00:00,2464.1666666666665,2817.5,2.2477064220183487e-05,1
2020-08-05 09:56:14+00:00,8628.333333333334,8703.333333333334,0.0013623853211009174,0
2020-10-22 14:44:15+00:00,178500.0,182083.33333333328,0.016146788990825688,0
2021-01-27 02:07:52+00:00,67066.66666666669,64600.0,0.005917431192660551,0
2019-05-07 07:26:47+00:00,44833.33333333334,44350.0,0.0005,0
2021-01-06 08:40:47+00:00,10283.333333333334,10516.666666666666,0.006238532110091743,0
2021-01-25 13:33:16+00:00,3024.166666666666,2953.333333333333,0.002298165137614679,0
2021-02-01 09:35:59+00:00,43925.0,45941.66666666666,0.07477064220183487,1
2020-10-21 12:02:44+00:00,1935.0,2415.833333333333,0.001091743119266055,1
2021-01-28 05:35:29+00:00,3725.0,3704.166666666666,0.002614678899082569,0
2020-07-27 15:16:06+00:00,2802.5,3494.166666666666,0.0031972477064220184,1
2019-05-14 13:56:00+00:00,2933.333333333333,3881.666666666666,0.014678899082568808,1
2020-12-16 08:01:49+00:00,8126.666666666668,10083.333333333334,0.0002334862385321101,1
2021-01-25 06:50:31+00:00,5686.666666666668,6446.666666666668,0.008211009174311926,1
2020-08-13 09:15:42+00:00,3859.166666666666,3500.0,0.023211009174311927,1
2020-06-04 09:40:36+00:00,18158.33333333333,18175.0,0.001,0
2020-08-27 07:13:08+00:00,5346.666666666667,4847.5,0.0034678899082568808,1
2019-11-17 15:45:58+00:00,2129.1666666666665,2159.1666666666665,0.00022247706422018348,0
2019-12-29 11:02:45+00:00,2451.6666666666665,2595.833333333333,0.001555045871559633,1
2019-12-22 14:27:51+00:00,2872.5,2841.666666666666,0.004238532110091743,0
2020-03-02 09:59:44+00:00,20133.33333333333,20975.0,0.0005,1
2021-02-02 13:53:45+00:00,1270.8333333333333,1289.1666666666667,0.00011697247706422018,0
2020-08-24 11:13:32+00:00,21866.666666666668,25083.33333333333,0.0005,1
2020-09-28 06:00:01+00:00,4181.666666666667,4172.5,0.0481651376146789,0
2020-01-09 09:54:05+00:00,1020.0,1089.1666666666667,0.004137614678899082,1
2020-04-22 10:43:01+00:00,4965.833333333333,6200.0,0.028165137614678898,1
2020-09-15 12:24:28+00:00,49441.66666666666,50516.66666666666,0.004137614678899082,0
2020-10-26 03:07:20+00:00,6410.0,6043.333333333332,0.0008944954128440367,1
2020-08-04 13:28:59+00:00,6008.333333333332,5730.0,0.0008577981651376146,1
2020-10-26 03:07:20+00:00,2866.666666666666,2776.666666666666,0.0008944954128440367,0
2020-11-16 10:05:04+00:00,24808.33333333333,24408.33333333333,0.0012522935779816513,0
2021-01-24 15:27:55+00:00,6788.333333333332,6768.333333333332,0.001091743119266055,0
2021-01-25 13:33:16+00:00,46116.66666666666,45050.0,0.002298165137614679,0
2019-12-17 14:32:10+00:00,717.3333333333335,994.6666666666664,0.004238532110091743,1
2020-07-15 21:51:14+00:00,1213.3333333333333,1237.5,0.000963302752293578,0
2020-08-27 10:18:32+00:00,3322.5,3730.833333333334,0.0005,1
2021-01-28 05:35:29+00:00,5885.0,5910.0,0.002614678899082569,0
2021-01-21 09:48:35+00:00,13025.0,15316.666666666664,0.004137614678899082,1
2020-11-09 12:14:45+00:00,2505.0,2297.5,0.004137614678899082,1
2021-02-02 14:30:34+00:00,420416.66666666674,432666.66666666674,0.0001926605504587156,0
2020-07-20 08:58:54+00:00,2643.333333333333,3380.0,0.010504587155963302,1
2021-01-18 07:52:44+00:00,8738.333333333334,10273.333333333334,0.00025137614678899083,1
2019-10-24 12:58:22+00:00,1407.5,1791.666666666667,0.006697247706422018,1
2020-07-28 02:51:43+00:00,3582.5,3147.5,0.003403669724770642,1
2021-01-28 08:13:36+00:00,6013.333333333332,8410.0,0.00025137614678899083,1
2020-10-12 23:13:47+00:00,4777.5,4910.0,0.001091743119266055,0
2020-06-18 07:00:09+00:00,982.0,999.6666666666664,0.006743119266055046,0
2020-12-23 07:29:42+00:00,128400.0,130533.33333333331,0.008211009174311926,0
2020-12-03 12:07:27+00:00,149250.0,179916.66666666663,0.01963302752293578,1
2020-07-06 08:21:15+00:00,839.1666666666665,963.1666666666664,0.00025137614678899083,1
2020-12-14 06:29:49+00:00,3232.5,3222.5,0.0005,0
2019-12-29 08:59:13+00:00,2770.833333333333,2977.5,0.0012477064220183486,1
2020-08-12 02:03:20+00:00,1725.833333333333,1621.666666666667,0.01298165137614679,1
2018-12-03 10:27:53+00:00,3003.333333333333,3480.833333333333,0.006788990825688073,1
2020-04-02 09:10:42+00:00,1765.0,1849.166666666667,0.005137614678899082,1
2021-01-05 08:38:02+00:00,10400.0,10158.333333333334,0.008440366972477064,0
2021-01-19 03:49:27+00:00,1692.5,1548.333333333333,0.002068807339449541,1
2020-11-24 14:36:56+00:00,8966.666666666666,9226.666666666666,0.002660550458715596,0
2019-10-21 06:55:06+00:00,8041.666666666668,7938.333333333332,0.001091743119266055,0
